Cr_number,DOXY_SN,,,,,,,,,,,,,,,,,,,,,,,,,,,,,,,,,,,,,,,,,,,,,,,,,,,,,,,,,,
4900494,1456,Sref=35.0,Spreset=0,Pcoef2=0.0025,Pcoef3=0.0328,B0=-6.24523e-3,B1 = -7.37614e-3, B2 = -1.03410e-2, B3 = -8.17083e-3, C0 = -4.88682e-7,D0 = 24.4543, D1 = -67.4509, D2 = -4.8489, D3 = -5.44e-4,,,,,,,,,,,,,,,,,,,,,,,,,,,,,,,,,,,,,,,,,,,,,
4900497,1457,Sref=35.0,Spreset=0,Pcoef2=0.0025,Pcoef3=0.0328,B0=-6.24523e-3,B1 = -7.37614e-3, B2 = -1.03410e-2, B3 = -8.17083e-3, C0 = -4.88682e-7,D0 = 24.4543, D1 = -67.4509, D2 =-4.8489, D3 = -5.44e-4,,,,,,,,,,,,,,,,,,,,,,,,,,,,,,,,,,,,,,,,,,,,,
4900523,1458,Sref=35.0,Spreset=0,Pcoef2=0.0025,Pcoef3=0.0328,B0=-6.24523e-3,B1 = -7.37614e-3, B2 = -1.03410e-2, B3 = -8.17083e-3, C0 = -4.88682e-7,D0 = 24.4543, D1 = -67.4509, D2 = -4.8489, D3 = -5.44e-4,,,,,,,,,,,,,,,,,,,,,,,,,,,,,,,,,,,,,,,,,,,,,
4900524,1459,Sref=35.0,Spreset=0,Pcoef2=0.0025,Pcoef3=0.0328,B0=-6.24523e-3,B1 = -7.37614e-3, B2 = -1.03410e-2, B3 = -8.17083e-3, C0 = -4.88682e-7,D0 = 24.4543, D1 = -67.4509, D2 = -4.8489, D3 = -5.44e-4,,,,,,,,,,,,,,,,,,,,,,,,,,,,,,,,,,,,,,,,,,,,,
4900627,2139,Sref=35.0,Spreset=0,Pcoef2=0.0025,Pcoef3=0.0328,B0=-6.24523e-3,B1 = -7.37614e-3, B2 = -1.03410e-2, B3 = -8.17083e-3, C0 = -4.88682e-7,D0 = 24.4543, D1 = -67.4509, D2 =-4.8489, D3 = -5.44e-4,,,,,,,,,,,,,,,,,,,,,,,,,,,,,,,,,,,,,,,,,,,,,
4900637,1459-375,Sref=35.0,Spreset=0,Pcoef2=0.0025,Pcoef3=0.0328,B0=-6.24523e-3,B1 = -7.37614e-3, B2 = -1.03410e-2, B3 = -8.17083e-3, C0 = -4.88682e-7,D0 = 24.4543, D1 = -67.4509, D2 = -4.8489, D3 = -5.44e-4,,,,,,,,,,,,,,,,,,,,,,,,,,,,,,,,,,,,,,,,,,,,,
4900869,2800-674,Sref=35.0,Spreset=0,Pcoef2=0.0025,Pcoef3=0.0328,B0=-6.24523e-3,B1 = -7.37614e-3, B2 = -1.03410e-2, B3 = -8.17083e-3, C0 = -4.88682e-7,D0 = 24.4543, D1 = -67.4509, D2 = -4.8489, D3 = -5.44e-4,,,,,,,,,,,,,,,,,,,,,,,,,,,,,,,,,,,,,,,,,,,,,
4900870,2801-675,Sref=35.0,Spreset=0,Pcoef2=0.0025,Pcoef3=0.0328,B0=-6.24523e-3,B1 = -7.37614e-3, B2 = -1.03410e-2, B3 = -8.17083e-3, C0 = -4.88682e-7,D0 = 24.4543, D1 = -67.4509, D2 = -4.8489, D3 = -5.44e-4,,,,,,,,,,,,,,,,,,,,,,,,,,,,,,,,,,,,,,,,,,,,,
4900871,2802-668,Sref=35.0,Spreset=0,Pcoef2=0.0025,Pcoef3=0.0328,B0=-6.24523e-3,B1 = -7.37614e-3, B2 = -1.03410e-2, B3 = -8.17083e-3, C0 = -4.88682e-7,D0 = 24.4543, D1 = -67.4509, D2 = -4.8489, D3 = -5.44e-4,,,,,,,,,,,,,,,,,,,,,,,,,,,,,,,,,,,,,,,,,,,,,
4900872,2803-669,Sref=35.0,Spreset=0,Pcoef2=0.0025,Pcoef3=0.0328,B0=-6.24523e-3,B1 = -7.37614e-3, B2 = -1.03410e-2, B3 = -8.17083e-3, C0 = -4.88682e-7,D0 = 24.4543, D1 = -67.4509, D2 = -4.8489, D3 = -5.44e-4,,,,,,,,,,,,,,,,,,,,,,,,,,,,,,,,,,,,,,,,,,,,,
4900873,2804-662,Sref=35.0,Spreset=0,Pcoef2=0.0025,Pcoef3=0.0328,B0=-6.24523e-3,B1 = -7.37614e-3, B2 = -1.03410e-2, B3 = -8.17083e-3, C0 = -4.88682e-7,D0 = 24.4543, D1 = -67.4509, D2 = -4.8489, D3 = -5.44e-4,,,,,,,,,,,,,,,,,,,,,,,,,,,,,,,,,,,,,,,,,,,,,
4900874,2807-667,Sref=35.0,Spreset=0,Pcoef2=0.0025,Pcoef3=0.0328,B0=-6.24523e-3,B1 = -7.37614e-3, B2 = -1.03410e-2, B3 = -8.17083e-3, C0 = -4.88682e-7,D0 = 24.4543, D1 = -67.4509, D2 = -4.8489, D3 = -5.44e-4,,,,,,,,,,,,,,,,,,,,,,,,,,,,,,,,,,,,,,,,,,,,,
4900879,2808-673,Sref=35.0,Spreset=0,Pcoef2=0.0025,Pcoef3=0.0328,B0=-6.24523e-3,B1 = -7.37614e-3, B2 = -1.03410e-2, B3 = -8.17083e-3, C0 = -4.88682e-7,D0 = 24.4543, D1 = -67.4509, D2 = -4.8489, D3 = -5.44e-4,,,,,,,,,,,,,,,,,,,,,,,,,,,,,,,,,,,,,,,,,,,,,
4900880,2809-665,Sref=35.0,Spreset=0,Pcoef2=0.0025,Pcoef3=0.0328,B0=-6.24523e-3,B1 = -7.37614e-3, B2 = -1.03410e-2, B3 = -8.17083e-3, C0 = -4.88682e-7,D0 = 24.4543, D1 = -67.4509, D2 = -4.8489, D3 = -5.44e-4,,,,,,,,,,,,,,,,,,,,,,,,,,,,,,,,,,,,,,,,,,,,,
4900881,2811-672,Sref=35.0,Spreset=0,Pcoef2=0.0025,Pcoef3=0.0328,B0=-6.24523e-3,B1 = -7.37614e-3, B2 = -1.03410e-2, B3 = -8.17083e-3, C0 = -4.88682e-7,D0 = 24.4543, D1 = -67.4509, D2 = -4.8489, D3 = -5.44e-4,,,,,,,,,,,,,,,,,,,,,,,,,,,,,,,,,,,,,,,,,,,,,
4900882,2810-676,Sref=35.0,Spreset=0,Pcoef2=0.0025,Pcoef3=0.0328,B0=-6.24523e-3,B1 = -7.37614e-3, B2 = -1.03410e-2, B3 = -8.17083e-3, C0 = -4.88682e-7,D0 = 24.4543, D1 = -67.4509, D2 = -4.8489, D3 = -5.44e-4,,,,,,,,,,,,,,,,,,,,,,,,,,,,,,,,,,,,,,,,,,,,,
4900883,2812-507,Sref=35.0,Spreset=0,Pcoef2=0.0025,Pcoef3=0.0328,B0=-6.24523e-3,B1 = -7.37614e-3, B2 = -1.03410e-2, B3 = -8.17083e-3, C0 = -4.88682e-7,D0 = 24.4543, D1 = -67.4509, D2 = -4.8489, D3 = -5.44e-4,,,,,,,,,,,,,,,,,,,,,,,,,,,,,,,,,,,,,,,,,,,,,
4901134,1060,PhaseCoef0=1.262809E+00,PhaseCoef1=1.090451E+00,PhaseCoef2=0.000000E+00,PhaseCoef3=0.000000E+00,c00=5.276020E+03,c01=-1.783356E+02,c02=3.603367E+00,c03=-3.172573E-02,c10=-2.835152E+02,c11=8.539261E+00,c12=-1.707122E-01,c13=1.519272E-03,c20=6.146133E+00,c21=-1.629492E-01,c22=3.255790E-03,c23=-2.941464E-05,c30=-6.200037E-02,c31=1.436286E-03,c32=-2.908785E-05,c33=2.671883E-07,c40=2.392831E-04,c41=-4.792503E-06,c42=1.000596E-07,c43=-9.331836E-10,Sref=0.00E+00,Spreset=0.00E+00,Pcoef1=1.000000E-01,Pcoef2=2.200000E-04,Pcoef3=4.190000E-02,B0=-6.245230E-03,B1=-7.376140E-03,B2=-1.03410e-2,B3=-8.170830E-03,C0=-4.886820E-07,D0=2.445430E+01,D1=-6.745090E+01,D2=-4.8489,D3=-5.44e-4,,,,,,,,,,,,,,,,,,,,
4901135,1062,PhaseCoef0=1.283271E+00,PhaseCoef1=1.086662E+00,PhaseCoef2=0.000000E+00,PhaseCoef3=0.000000E+00,c00=5.276020E+03,c01=-1.783356E+02,c02=3.603367E+00,c03=-3.172573E-02,c10=-2.835152E+02,c11=8.539261E+00,c12=-1.707122E-01,c13=1.519272E-03,c20=6.146133E+00,c21=-1.629492E-01,c22=3.255790E-03,c23=-2.941464E-05,c30=-6.200037E-02,c31=1.436286E-03,c32=-2.908785E-05,c33=2.671883E-07,c40=2.392831E-04,c41=-4.792503E-06,c42=1.000596E-07,c43=-9.331836E-10,Sref=0.00E+00,Spreset=0.00E+00,Pcoef1=1.000000E-01,Pcoef2=2.200000E-04,Pcoef3=4.190000E-02,B0=-6.245230E-03,B1=-7.376140E-03,B2=-1.03410e-2,B3=-8.170830E-03,C0=-4.886820E-07,D0=2.445430E+01,D1=-6.745090E+01,D2=-4.8489,D3=-5.44e-4,,,,,,,,,,,,,,,,,,,,
4901136,1076,PhaseCoef0=3.004120E+00,PhaseCoef1=1.083430E+00,PhaseCoef2=0.000000E+00,PhaseCoef3=0.000000E+00,c00=5.276020E+03,c01=-1.783360E+02,c02=3.603370E+00,c03=-3.172570E-02,c10=-2.835150E+02,c11=8.539260E+00,c12=-1.707120E-01,c13=1.519270E-03,c20=6.146130E+00,c21=-1.629490E-01,c22=3.255790E-03,c23=-2.941460E-05,c30=-6.200040E-02,c31=1.436290E-03,c32=-2.908790E-05,c33=2.671880E-07,c40=2.392830E-04,c41=-4.792500E-06,c42=1.000600E-07,c43=-9.331840E-10,Sref=0.00E+00,Spreset=0.00E+00,Pcoef1=1.000000E-01,Pcoef2=2.200000E-04,Pcoef3=4.190000E-02,B0=-6.245230E-03,B1=-7.376140E-03,B2=-1.03410e-2,B3=-8.170830E-03,C0=-4.886820E-07,D0=2.445430E+01,D1=-6.745090E+01,D2=-4.8489,D3=-5.44e-4,,,,,,,,,,,,,,,,,,,,
4901137,1079,PhaseCoef0=4.168365E+00,PhaseCoef1=1.083413E+00,PhaseCoef2=0.000000E+00,PhaseCoef3=0.000000E+00,c00=5.276020E+03,c01=-1.783356E+02,c02=3.603367E+00,c03=-3.172573E-02,c10=-2.835152E+02,c11=8.539261E+00,c12=-1.707122E-01,c13=1.519272E-03,c20=6.146133E+00,c21=-1.629492E-01,c22=3.255790E-03,c23=-2.941464E-05,c30=-6.200037E-02,c31=1.436286E-03,c32=-2.908785E-05,c33=2.671883E-07,c40=2.392831E-04,c41=-4.792503E-06,c42=1.000596E-07,c43=-9.331836E-10,Sref=0.00E+00,Spreset=0.00E+00,Pcoef1=1.000000E-01,Pcoef2=2.200000E-04,Pcoef3=4.190000E-02,B0=-6.245230E-03,B1=-7.376140E-03,B2=-1.03410e-2,B3=-8.170830E-03,C0=-4.886820E-07,D0=2.445430E+01,D1=-6.745090E+01,D2=-4.8489,D3=-5.44e-4,,,,,,,,,,,,,,,,,,,,
4901139,1081,PhaseCoef0=3.684722E+00,PhaseCoef1=1.082330E+00,PhaseCoef2=0.000000E+00,PhaseCoef3=0.000000E+00,c00=5.276020E+03,c01=-1.783356E+02,c02=3.603367E+00,c03=-3.172573E-02,c10=-2.835152E+02,c11=8.539261E+00,c12=-1.707122E-01,c13=1.519272E-03,c20=6.146133E+00,c21=-1.629492E-01,c22=3.255790E-03,c23=-2.941464E-05,c30=-6.200037E-02,c31=1.436286E-03,c32=-2.908785E-05,c33=2.671883E-07,c40=2.392831E-04,c41=-4.792503E-06,c42=1.000596E-07,c43=-9.331836E-10,Sref=0.00E+00,Spreset=0.00E+00,Pcoef1=1.000000E-01,Pcoef2=2.200000E-04,Pcoef3=4.190000E-02,B0=-6.245230E-03,B1=-7.376140E-03,B2=-1.03410e-2,B3=-8.170830E-03,C0=-4.886820E-07,D0=2.445430E+01,D1=-6.745090E+01,D2=-4.8489,D3=-5.44e-4,,,,,,,,,,,,,,,,,,,,
4901140,1085,PhaseCoef0=1.353820E+00,PhaseCoef1=1.096276E+00,PhaseCoef2=0.000000E+00,PhaseCoef3=0.000000E+00,c00=5.276020E+03,c01=-1.783356E+02,c02=3.603367E+00,c03=-3.172573E-02,c10=-2.835152E+02,c11=8.539261E+00,c12=-1.707122E-01,c13=1.519272E-03,c20=6.146133E+00,c21=-1.629492E-01,c22=3.255790E-03,c23=-2.941464E-05,c30=-6.200037E-02,c31=1.436286E-03,c32=-2.908785E-05,c33=2.671883E-07,c40=2.392831E-04,c41=-4.792503E-06,c42=1.000596E-07,c43=-9.331836E-10,Sref=0.00E+00,Spreset=0.00E+00,Pcoef1=1.000000E-01,Pcoef2=2.200000E-04,Pcoef3=4.190000E-02,B0=-6.245230E-03,B1=-7.376140E-03,B2=-1.03410e-2,B3=-8.170830E-03,C0=-4.886820E-07,D0=2.445430E+01,D1=-6.745090E+01,D2=-4.8489,D3=-5.44e-4,,,,,,,,,,,,,,,,,,,,
4901141,1239,PhaseCoef0=2.506401E+00,PhaseCoef1=1.090969E+00,PhaseCoef2=0.000000E+00,PhaseCoef3=0.000000E+00,c00=5.027450E+03,c01=-1.696439E+02,c02=3.473719E+00,c03=-3.108840E-02,c10=-2.721330E+02,c11=8.196421E+00,c12=-1.680359E-01,c13=1.540629E-03,c20=5.941140E+00,c21=-1.576730E-01,c22=3.274610E-03,c23=-3.088700E-05,c30=-6.030080E-02,c31=1.398610E-03,c32=-2.988590E-05,c33=2.902090E-07,c40=2.338740E-04,c41=-4.686760E-06,c42=1.050690E-07,c43=-1.049079E-09,Sref=0.00E+00,Spreset=0.00E+00,Pcoef1=1.000000E-01,Pcoef2=2.200000E-04,Pcoef3=4.190000E-02,B0=-6.245230E-03,B1=-7.376140E-03,B2=-1.03410e-2,B3=-8.170830E-03,C0=-4.886820E-07,D0=2.445430E+01,D1=-6.745090E+01,D2=-4.8489,D3=-5.44e-4,,,,,,,,,,,,,,,,,,,,
4901142,1240,PhaseCoef0=1.064231E+00,PhaseCoef1=1.091973E+00,PhaseCoef2=0.000000E+00,PhaseCoef3=0.000000E+00,c00=5.027450E+03,c01=-1.696439E+02,c02=3.473719E+00,c03=-3.108840E-02,c10=-2.721330E+02,c11=8.196421E+00,c12=-1.680359E-01,c13=1.540629E-03,c20=5.941140E+00,c21=-1.576730E-01,c22=3.274610E-03,c23=-3.088700E-05,c30=-6.030080E-02,c31=1.398610E-03,c32=-2.988590E-05,c33=2.902090E-07,c40=2.338740E-04,c41=-4.686760E-06,c42=1.050690E-07,c43=-1.049079E-09,Sref=0.00E+00,Spreset=0.00E+00,Pcoef1=1.000000E-01,Pcoef2=2.200000E-04,Pcoef3=4.190000E-02,B0=-6.245230E-03,B1=-7.376140E-03,B2=-1.03410e-2,B3=-8.170830E-03,C0=-4.886820E-07,D0=2.445430E+01,D1=-6.745090E+01,D2=-4.8489,D3=-5.44e-4,,,,,,,,,,,,,,,,,,,,
4901779,890,A0=1.05130E+00,A1=-1.50000E-03,A2=4.98350E-01,B0=-2.23170E-01,B1=1.71010E+00,C0=8.86770E-02,C1=3.70660E-03,C2=5.24240E-05,E=1.10000E-02,Sref=0.0,Spreset=0.0,Pcoef1=0.11500,Pcoef2=0.00022,Pcoef3=0.04190,D0=24.4543,D1=-67.4509,D2=-4.8489,D3=-5.44000E-04,SolB0=-6.24523E-03,SolB1=-7.37614E-03,SolB2=-1.03410e-2,SolB3=-8.17083E-03,SolC0=4.88682E-07,,,,,,,,,,,,,,,,,,,,,,,,,,,,,,,,,,,
4901780,986,A0=1.05130E+00,A1=-1.50000E-03,A2=4.81210E-01,B0=-2.29050E-01,B1=1.69750E+00,C0=9.24910E-02,C1=3.85600E-03,C2=5.49030E-05,E=1.10000E-02,Sref=0.0,Spreset=0.0,Pcoef1=0.11500,Pcoef2=0.00022,Pcoef3=0.04190,D0=24.4543,D1=-67.4509,D2=-4.8489,D3=-5.44000E-04,SolB0=-6.24523E-03,SolB1=-7.37614E-03,SolB2=-1.03410e-2,SolB3=-8.17083E-03,SolC0=4.88682E-07,,,,,,,,,,,,,,,,,,,,,,,,,,,,,,,,,,,
4901781,968,A0=1.05130E+00,A1=-1.50000E-03,A2=4.10370E-01,B0=-2.29880E-01,B1=1.63170E+00,C0=9.99380E-02,C1=4.19490E-03,C2=5.91940E-05,E=1.10000E-02,Sref=0.0,Spreset=0.0,Pcoef1=0.11500,Pcoef2=0.00022,Pcoef3=0.04190,D0=24.4543,D1=-67.4509,D2=-4.8489,D3=-5.44000E-04,SolB0=-6.24523E-03,SolB1=-7.37614E-03,SolB2=-1.03410e-2,SolB3=-8.17083E-03,SolC0=4.88682E-07,,,,,,,,,,,,,,,,,,,,,,,,,,,,,,,,,,,
4901782,851,A0=1.05130E+00,A1=-1.50000E-03,A2=4.81590E-01,B0=-2.24900E-01,B1=1.69570E+00,C0=9.05830E-02,C1=3.82360E-03,C2=5.40230E-05,E=1.10000E-02,Sref=0.0,Spreset=0.0,Pcoef1=0.11500,Pcoef2=0.00022,Pcoef3=0.04190,D0=24.4543,D1=-67.4509,D2=-4.8489,D3=-5.44000E-04,SolB0=-6.24523E-03,SolB1=-7.37614E-03,SolB2=-1.03410e-2,SolB3=-8.17083E-03,SolC0=4.88682E-07,,,,,,,,,,,,,,,,,,,,,,,,,,,,,,,,,,,
4901784,990,A0=1.05130E+00,A1=-1.50000E-03,A2=4.35069E-01,B0=-2.31600E-01,B1=1.65080E+00,C0=9.87940E-02,C1=4.19250E-03,C2=5.59580E-05,E=1.10000E-02,Sref=0.0,Spreset=0.0,Pcoef1=0.11500,Pcoef2=0.00022,Pcoef3=0.04190,D0=24.4543,D1=-67.4509,D2=-4.8489,D3=-5.44000E-04,SolB0=-6.24523E-03,SolB1=-7.37614E-03,SolB2=-1.03410e-2,SolB3=-8.17083E-03,SolC0=4.88682E-07,,,,,,,,,,,,,,,,,,,,,,,,,,,,,,,,,,,
4901785,987,A0=1.05130E+00,A1=-1.50000E-03,A2=3.83880E-01,B0=-2.36030E-01,B1=1.60480E+00,C0=1.06550E-01,C1=4.51490E-03,C2=6.18440E-05,E=1.10000E-02,Sref=0.0,Spreset=0.0,Pcoef1=0.11500,Pcoef2=0.00022,Pcoef3=0.04190,D0=24.4543,D1=-67.4509,D2=-4.8489,D3=-5.44000E-04,SolB0=-6.24523E-03,SolB1=-7.37614E-03,SolB2=-1.03410e-2,SolB3=-8.17083E-03,SolC0=4.88682E-07,,,,,,,,,,,,,,,,,,,,,,,,,,,,,,,,,,,
4901786,989,A0=1.05130E+00,A1=-1.50000E-03,A2=4.81590E-01,B0=-2.91510E-01,B1=1.51680E+00,C0=1.20440E-01,C1=5.10410E-03,C2=7.05020E-05,E=1.10000E-02,Sref=0.0,Spreset=0.0,Pcoef1=0.11500,Pcoef2=0.00022,Pcoef3=0.04190,D0=24.4543,D1=-67.4509,D2=-4.8489,D3=-5.44000E-04,SolB0=-6.24523E-03,SolB1=-7.37614E-03,SolB2=-1.03410e-2,SolB3=-8.17083E-03,SolC0=4.88682E-07,,,,,,,,,,,,,,,,,,,,,,,,,,,,,,,,,,,
4901790,994,A0=1.05130E+00,A1=-1.50000E-03,A2=4.38700E-01,B0=-2.34930E-01,B1=1.69750E+00,C0=9.90720E-02,C1=4.20140E-03,C2=5.64720E-05,E=1.10000E-02,Sref=0.0,Spreset=0.0,Pcoef1=0.11500,Pcoef2=0.00022,Pcoef3=0.04190,D0=24.4543,D1=-67.4509,D2=-4.8489,D3=-5.44000E-04,SolB0=-6.24523E-03,SolB1=-7.37614E-03,SolB2=-1.03410e-2,SolB3=-8.17083E-03,SolC0=4.88682E-07,,,,,,,,,,,,,,,,,,,,,,,,,,,,,,,,,,,
4901791,992,A0=1.05130E+00,A1=-1.50000E-03,A2=4.27420E-01,B0=-2.22020E-01,B1=1.63890E+00,C0=9.61150E-02,C1=4.07950E-03,C2=5.64390E-05,E=1.10000E-02,Sref=0.0,Spreset=0.0,Pcoef1=0.11500,Pcoef2=0.00022,Pcoef3=0.04190,D0=24.4543,D1=-67.4509,D2=-4.8489,D3=-5.44000E-04,SolB0=-6.24523E-03,SolB1=-7.37614E-03,SolB2=-1.03410e-2,SolB3=-8.17083E-03,SolC0=4.88682E-07,,,,,,,,,,,,,,,,,,,,,,,,,,,,,,,,,,,
4901808,1128,A0=1.05130E+00,A1=-1.50000E-03,A2=3.91280E-01,B0=-2.14800E-01,B1=1.60200E+00,C0=1.03040E-01,C1=4.34710E-03,C2=5.72480E-05,E=1.10000E-02,Sref=0.0,Spreset=0.0,Pcoef1=0.11500,Pcoef2=0.00022,Pcoef3=0.04190,D0=24.4543,D1=-67.4509,D2=-4.8489,D3=-5.44000E-04,SolB0=-6.24523E-03,SolB1=-7.37614E-03,SolB2=-1.03410e-2,SolB3=-8.17083E-03,SolC0=4.88682E-07,,,,,,,,,,,,,,,,,,,,,,,,,,,,,,,,,,,
4902383,1252,A0=1.05130E+00,A1=-1.50000E-03,A2=4.53360E-01,B0=-2.33970E-01,B1=1.67440E+00,C0=9.54250E-02,C1=4.03950E-03,C2=5.41780E-05,E=1.10000E-02,Sref=0.0,Spreset=0.0,Pcoef1=0.11500,Pcoef2=0.00022,Pcoef3=0.04190,D0=24.4543,D1=-67.4509,D2=-4.8489,D3=-5.44000E-04,SolB0=-6.24523E-03,SolB1=-7.37614E-03,SolB2=-1.03410e-2,SolB3=-8.17083E-03,SolC0=4.88682E-07,,,,,,,,,,,,,,,,,,,,,,,,,,,,,,,,,,,
4902384,1134,A0=1.05130E+00,A1=-1.50000E-03,A2=4.07590E-01,B0=-2.21570E-01,B1=1.62130E+00,C0=1.01210E-02,C1=4.27290E-03,C2=5.72360E-05,E=1.10000E-02,Sref=0.0,Spreset=0.0,Pcoef1=0.11500,Pcoef2=0.00022,Pcoef3=0.04190,D0=24.4543,D1=-67.4509,D2=-4.8489,D3=-5.44000E-04,SolB0=-6.24523E-03,SolB1=-7.37614E-03,SolB2=-1.03410e-2,SolB3=-8.17083E-03,SolC0=4.88682E-07,,,,,,,,,,,,,,,,,,,,,,,,,,,,,,,,,,,
4902385,1135,A0=1.05130E+00,A1=-1.50000E-03,A2=4.79150E-01,B0=-2.10160E-01,B1=1.68080E+00,C0=9.11690E-02,C1=3.84410E-03,C2=4.96280E-05,E=1.10000E-02,Sref=0.0,Spreset=0.0,Pcoef1=0.11500,Pcoef2=0.00022,Pcoef3=0.04190,D0=24.4543,D1=-67.4509,D2=-4.8489,D3=-5.44000E-04,SolB0=-6.24523E-03,SolB1=-7.37614E-03,SolB2=-1.03410e-2,SolB3=-8.17083E-03,SolC0=4.88682E-07,,,,,,,,,,,,,,,,,,,,,,,,,,,,,,,,,,,
4902386,1246,A0=1.05130E+00,A1=-1.50000E-03,A2=4.76220E-01,B0=-2.23340E-01,B1=1.68910E+00,C0=9.13750E-02,C1=3.86450E-03,C2=5.11190E-05,E=1.10000E-02,Sref=0.0,Spreset=0.0,Pcoef1=0.11500,Pcoef2=0.00022,Pcoef3=0.04190,D0=24.4543,D1=-67.4509,D2=-4.8489,D3=-5.44000E-04,SolB0=-6.24523E-03,SolB1=-7.37614E-03,SolB2=-1.03410e-2,SolB3=-8.17083E-03,SolC0=4.88682E-07,,,,,,,,,,,,,,,,,,,,,,,,,,,,,,,,,,,
4902414,1420,A0=1.05130E+00,A1=-1.50000E-03,A2=5.0533e-001,B0=-1.9485e-001,B1=1.6956e+00,C0=8.5696e-002,C1=3.5631e-003,C2=4.5915e-005,E=1.10000E-02,Sref=0.0,Spreset=0.0,Pcoef1=0.11500,Pcoef2=0.00022,Pcoef3=0.04190,D0=24.4543,D1=-67.4509,D2=-4.8489,D3=-5.44000E-04,SolB0=-6.24523E-03,SolB1=-7.37614E-03,SolB2=-1.03410e-2,SolB3=-8.17083E-03,SolC0=4.88682E-07,,,,,,,,,,,,,,,,,,,,,,,,,,,,,,,,,,,
4902390,1395,A0=1.05130E+00,A1=-1.50000E-03,A2=4.1073E-01,B0=-2.3762E-001,B1=1.6365E+00,C0=9.9772E-002, C1=4.2379E-003,C2=5.9039E-005,E=1.1000E-002,Sref=0.0,Spreset=0.0,Pcoef1=0.11500,Pcoef2=0.00022,Pcoef3=0.04190,D0=24.4543,D1=-67.4509,D2=-4.8489,D3=-5.44000E-04,SolB0=-6.24523E-03,SolB1=-7.37614E-03,SolB2=-1.03410e-2,SolB3=-8.17083E-03,SolC0=4.88682E-07,,,,,,,,,,,,,,,,,,,,,,,,,,,,,,,,,,,
4902409,1385,A0=1.05130E+00,A1=-1.50000E-03,A2= 3.9444E-001,B0=-2.1690E-001,B1=1.6063E+00,C0=1.0164E-001, C1=4.2662E-003,C2=5.7356E-005,E=1.1000E-002,Sref=0.0,Spreset=0.0,Pcoef1=0.11500,Pcoef2=0.00022,Pcoef3=0.04190,D0=24.4543,D1=-67.4509,D2=-4.8489,D3=-5.44000E-04,SolB0=-6.24523E-03,SolB1=-7.37614E-03,SolB2=-1.03410e-2,SolB3=-8.17083E-03,SolC0=4.88682E-07,,,,,,,,,,,,,,,,,,,,,,,,,,,,,,,,,,,
4902410,1419,A0=1.05130E+00,A1=-1.50000E-03,A2= 3.9090E-001,B0=-2.2689E-001,B1=1.6121E+00,C0=1.0142E-001, C1=4.2821E-003,C2=5.9162E-005,E=1.1000E-002,Sref=0.0,Spreset=0.0,Pcoef1=0.11500,Pcoef2=0.00022,Pcoef3=0.04190,D0=24.4543,D1=-67.4509,D2=-4.8489,D3=-5.44000E-04,SolB0=-6.24523E-03,SolB1=-7.37614E-03,SolB2=-1.03410e-2,SolB3=-8.17083E-03,SolC0=4.88682E-07,,,,,,,,,,,,,,,,,,,,,,,,,,,,,,,,,,,
4902416,1435,A0=1.05130E+00,A1=-1.50000E-03,A2= 3.3277E-001,B0=-2.1138E-001,B1=1.5404E+00,C0=1.0672E-001, C1=4.4107E-003,C2=6.3028E-005,E=1.1000E-002,Sref=0.0,Spreset=0.0,Pcoef1=0.11500,Pcoef2=0.00022,Pcoef3=0.04190,D0=24.4543,D1=-67.4509,D2=-4.8489,D3=-5.44000E-04,SolB0=-6.24523E-03,SolB1=-7.37614E-03,SolB2=-1.03410e-2,SolB3=-8.17083E-03,SolC0=4.88682E-07,,,,,,,,,,,,,,,,,,,,,,,,,,,,,,,,,,,
4902480,3123,PhaseCoef0=-2.17500E00,PhaseCoef1=1.00000E00,PhaseCoef2=0.00000E00,PhaseCoef3=0.00000E00,ConcCoef0=0.00000E00,ConcCoef1=1.00000E00,c00=2.78521E-03,c01=1.23297E-04,c02=2.30093E-06,c03=4.51404E02,c04=-5.79445E-01,c05=-9.91449E01,c06=9.03881E00,Spreset=0.0,Pcoef1=0.1,Pcoef2=0.00022,Pcoef3=0.0419,B0=-6.24523E-03,B1=-7.37614e-03,B2=-1.0341E-02,B3=-8.17083e-03,C0=-4.88682e-07,D0=24.4543,D1=-67.4509,D2=-4.8489,D3=-5.44E-04,,,,,,,,,,,,,,,,,,,,,,,,,,,,,,,,
4902481,3124,PhaseCoef0=-1.84900E00,PhaseCoef1=1.00000E00,PhaseCoef2=0.00000E00,PhaseCoef3=0.00000E00,ConcCoef0=0.00000E00,ConcCoef1=1.00000E00,c00=2.74913E-03,c01=1.21343E-04,c02=2.22187E-06,c03=2.17390E02,c04=-3.14270E-01,c05=-4.75586E01,c06=4.37026E00,Spreset=0.0,Pcoef1=0.1,Pcoef2=0.00022,Pcoef3=0.0419,B0=-6.24523E-03,B1=-7.37614e-03,B2=-1.0341E-02,B3=-8.17083e-03,C0=-4.88682e-07,D0=24.4543,D1=-67.4509,D2=-4.8489,D3=-5.44E-04,,,,,,,,,,,,,,,,,,,,,,,,,,,,,,,,
4902549,3257,PhaseCoef0=-3.26400E00,PhaseCoef1=1.00000E00,PhaseCoef2=0.00000E00,PhaseCoef3=0.00000E00,ConcCoef0=0.00000E00,ConcCoef1=1.00000E00,c00=2.61321E-03,c01=1.15769E-04,c02=2.2534E-06,c03=1.93223E02,c04=-2.27400E-01,c05=-4.08895E01,c06=3.97899E00,Spreset=0.0,Pcoef1=0.1,Pcoef2=0.00022,Pcoef3=0.0419,B0=-6.24523E-03,B1=-7.37614e-03,B2=-1.0341E-02,B3=-8.17083e-03,C0=-4.88682e-07,D0=24.4543,D1=-67.4509,D2=-4.8489,D3=-5.44E-04,,,,,,,,,,,,,,,,,,,,,,,,,,,,,,,,
4902551,3354,PhaseCoef0=-2.12400E00,PhaseCoef1=1.00000E00,PhaseCoef2=0.00000E00,PhaseCoef3=0.00000E00,ConcCoef0=0.00000E00,ConcCoef1=1.00000E00,c00=2.82334E-03,c01=1.22839E-04,c02=2.21180E-06,c03=1.87823E02,c04=-2.73420E-01,c05=-3.81115E01,c06=3.75057E00,Spreset=0.0,Pcoef1=0.1,Pcoef2=0.00022,Pcoef3=0.0419,B0=-6.24523E-03,B1=-7.37614e-03,B2=-1.0341E-02,B3=-8.17083e-03,C0=-4.88682e-07,D0=24.4543,D1=-67.4509,D2=-4.8489,D3=-5.44E-04,,,,,,,,,,,,,,,,,,,,,,,,,,,,,,,,
4902552,3259,PhaseCoef0=-1.88800E00,PhaseCoef1=1.00000E00,PhaseCoef2=0.00000E00,PhaseCoef3=0.00000E00,ConcCoef0=0.00000E00,ConcCoef1=1.00000E00,c00=2.69695E-03,c01=1.17353E-04,c02=2.25124E-06,c03=1.86221E02,c04=-2.19175E-01,c05=-3.88006E01,c06=3.79021E00,Spreset=0.0,Pcoef1=0.1,Pcoef2=0.00022,Pcoef3=0.0419,B0=-6.24523E-03,B1=-7.37614e-03,B2=-1.0341E-02,B3=-8.17083e-03,C0=-4.88682e-07,D0=24.4543,D1=-67.4509,D2=-4.8489,D3=-5.44E-04,,,,,,,,,,,,,,,,,,,,,,,,,,,,,,,,
4902553,3258,PhaseCoef0=-2.98400E00,PhaseCoef1=1.00000E00,PhaseCoef2=0.00000E00,PhaseCoef3=0.00000E00,ConcCoef0=0.00000E00,ConcCoef1=1.00000E00,c00=2.67053E-03,c01=1.16993E-04,c02=2.27297E-06,c03=2.30819E02,c04=-3.30158E-01,c05=-5.01267E01,c06=4.72142E00,Spreset=0.0,Pcoef1=0.1,Pcoef2=0.00022,Pcoef3=0.0419,B0=-6.24523E-03,B1=-7.37614e-03,B2=-1.0341E-02,B3=-8.17083e-03,C0=-4.88682e-07,D0=24.4543,D1=-67.4509,D2=-4.8489,D3=-5.44E-04,,,,,,,,,,,,,,,,,,,,,,,,,,,,,,,,
4902554,3348,PhaseCoef0=-2.48900E00,PhaseCoef1=1.00000E00,PhaseCoef2=0.00000E00,PhaseCoef3=0.00000E00,ConcCoef0=0.00000E00,ConcCoef1=1.00000E00,c00=2.81592E-03,c01=1.22125E-04,c02=2.29459E-06,c03=1.53208E02,c04=-2.33366E-01,c05=-3.24051E01,c06=3.06213E00,Spreset=0.0,Pcoef1=0.1,Pcoef2=0.00022,Pcoef3=0.0419,B0=-6.24523E-03,B1=-7.37614e-03,B2=-1.0341E-02,B3=-8.17083e-03,C0=-4.88682e-07,D0=24.4543,D1=-67.4509,D2=-4.8489,D3=-5.44E-04,,,,,,,,,,,,,,,,,,,,,,,,,,,,,,,,
4902550,3326,PhaseCoef0=-2.02700E00,PhaseCoef1=1.00000E00,PhaseCoef2=0.00000E00,PhaseCoef3=0.00000E00,ConcCoef0=0.00000E00,ConcCoef1=1.00000E00,c00=2.83814E-03,c01=1.23675E-04,c02=2.37548E-06,c03=1.78262E02,c04=-2.08772E-01,c05=-3.74321E01,c06=3.60389E00,Spreset=0.0,Pcoef1=0.1,Pcoef2=0.00022,Pcoef3=0.0419,B0=-6.24523E-03,B1=-7.37614e-03,B2=-1.0341E-02,B3=-8.17083e-03,C0=-4.88682e-07,D0=24.4543,D1=-67.4509,D2=-4.8489,D3=-5.44E-04,,,,,,,,,,,,,,,,,,,,,,,,,,,,,,,,
4902555,3352,PhaseCoef0=-3.03900E00,PhaseCoef1=1.00000E00,PhaseCoef2=0.00000E00,PhaseCoef3=0.00000E00,ConcCoef0=0.00000E00,ConcCoef1=1.00000E00,c00=2.78747E-03,c01=1.20634E-04,c02=2.26437E-06,c03=1.71149E02,c04=-2.70378E-01,c05=-3.51892E01,c06=3.43209E00,Spreset=0.0,Pcoef1=0.1,Pcoef2=0.00022,Pcoef3=0.0419,B0=-6.24523E-03,B1=-7.37614e-03,B2=-1.0341E-02,B3=-8.17083e-03,C0=-4.88682e-07,D0=24.4543,D1=-67.4509,D2=-4.8489,D3=-5.44E-04,,,,,,,,,,,,,,,,,,,,,,,,,,,,,,,,
4902583,3649,PhaseCoef0=-5.47000E-01,PhaseCoef1=1.00000E00,PhaseCoef2=0.00000E00,PhaseCoef3=0.00000E00,ConcCoef0=0.00000E00,ConcCoef1=1.00000E00,c00=2.69462E-03,c01=1.12100E-04,c02=2.31728E-06,c03=1.23597E02,c04=-1.61867E-01,c05=-2.80682E01,c06=2.49779E00,Spreset=0.0,Pcoef1=0.1,Pcoef2=0.00022,Pcoef3=0.0419,B0=-6.24523E-03,B1=-7.37614e-03,B2=-1.0341E-02,B3=-8.17083e-03,C0=-4.88682e-07,D0=24.4543,D1=-67.4509,D2=-4.8489,D3=-5.44E-04,,,,,,,,,,,,,,,,,,,,,,,,,,,,,,,,
4902584,3636,PhaseCoef0=-1.10400E00,PhaseCoef1=1.00000E00,PhaseCoef2=0.00000E00,PhaseCoef3=0.00000E00,ConcCoef0=0.00000E00,ConcCoef1=1.00000E00,c00=2.84886E-03,c01=1.16598E-04,c02=2.51675E-06,c03=1.02858E02,c04=-1.48651E-01,c05=-2.34106E01,c06=2.05628E00,Spreset=0.0,Pcoef1=0.1,Pcoef2=0.00022,Pcoef3=0.0419,B0=-6.24523E-03,B1=-7.37614e-03,B2=-1.0341E-02,B3=-8.17083e-03,C0=-4.88682e-07,D0=24.4543,D1=-67.4509,D2=-4.8489,D3=-5.44E-04,,,,,,,,,,,,,,,,,,,,,,,,,,,,,,,,
4902585,3638,PhaseCoef0=-1.80200E00,PhaseCoef1=1.00000E00,PhaseCoef2=0.00000E00,PhaseCoef3=0.00000E00,ConcCoef0=0.00000E00,ConcCoef1=1.00000E00,c00=2.76574E-03,c01=1.13826E-04,c02=2.47895E-06,c03=1.39414E02,c04=-2.14814E-01,c05=-3.18543E01,c06=2.80703E00,Spreset=0.0,Pcoef1=0.1,Pcoef2=0.00022,Pcoef3=0.0419,B0=-6.24523E-03,B1=-7.37614e-03,B2=-1.0341E-02,B3=-8.17083e-03,C0=-4.88682e-07,D0=24.4543,D1=-67.4509,D2=-4.8489,D3=-5.44E-04,,,,,,,,,,,,,,,,,,,,,,,,,,,,,,,,
4902586,3650,PhaseCoef0=-1.26400E00,PhaseCoef1=1.00000E00,PhaseCoef2=0.00000E00,PhaseCoef3=0.00000E00,ConcCoef0=0.00000E00,ConcCoef1=1.00000E00,c00=2.69746E-03,c01=1.13167E-04,c02=2.27953E-06,c03=1.81588E02,c04=-2.41284E-01,c05=-3.85562E01,c06=3.64615E00,Spreset=0.0,Pcoef1=0.1,Pcoef2=0.00022,Pcoef3=0.0419,B0=-6.24523E-03,B1=-7.37614e-03,B2=-1.0341E-02,B3=-8.17083e-03,C0=-4.88682e-07,D0=24.4543,D1=-67.4509,D2=-4.8489,D3=-5.44E-04,,,,,,,,,,,,,,,,,,,,,,,,,,,,,,,,
4902587,3634,PhaseCoef0=-1.27600E00,PhaseCoef1=1.00000E00,PhaseCoef2=0.00000E00,PhaseCoef3=0.00000E00,ConcCoef0=0.00000E00,ConcCoef1=1.00000E00,c00=2.76748E-03,c01=1.15415E-04,c02=2.42760E-06,c03=1.44616E02,c04=-2.17935E-01,c05=-3.36645E01,c06=2.91141E00,Spreset=0.0,Pcoef1=0.1,Pcoef2=0.00022,Pcoef3=0.0419,B0=-6.24523E-03,B1=-7.37614e-03,B2=-1.0341E-02,B3=-8.17083e-03,C0=-4.88682e-07,D0=24.4543,D1=-67.4509,D2=-4.8489,D3=-5.44E-04,,,,,,,,,,,,,,,,,,,,,,,,,,,,,,,,
4902588,3651,PhaseCoef0=-1.27200E00,PhaseCoef1=1.00000E00,PhaseCoef2=0.00000E00,PhaseCoef3=0.00000E00,ConcCoef0=0.00000E00,ConcCoef1=1.00000E00,c00=2.66730E-03,c01=1.10774E-04,c02=2.25945E-06,c03=1.54210E02,c04=-2.41487E-01,c05=-3.56912E01,c06=3.16017E00,Spreset=0.0,Pcoef1=0.1,Pcoef2=0.00022,Pcoef3=0.0419,B0=-6.24523E-03,B1=-7.37614e-03,B2=-1.0341E-02,B3=-8.17083e-03,C0=-4.88682e-07,D0=24.4543,D1=-67.4509,D2=-4.8489,D3=-5.44E-04,,,,,,,,,,,,,,,,,,,,,,,,,,,,,,,,
4902589,3642,PhaseCoef0=-1.64700E00,PhaseCoef1=1.00000E00,PhaseCoef2=0.00000E00,PhaseCoef3=0.00000E00,ConcCoef0=0.00000E00,ConcCoef1=1.00000E00,c00=2.84925E-03,c01=1.16989E-04,c02=2.55626E-06,c03=2.03960E02,c04=-2.76724E-01,c05=-4.43239E01,c06=4.08159E00,Spreset=0.0,Pcoef1=0.1,Pcoef2=0.00022,Pcoef3=0.0419,B0=-6.24523E-03,B1=-7.37614e-03,B2=-1.0341E-02,B3=-8.17083e-03,C0=-4.88682e-07,D0=24.4543,D1=-67.4509,D2=-4.8489,D3=-5.44E-04,,,,,,,,,,,,,,,,,,,,,,,,,,,,,,,,
4902576,3633,PhaseCoef0=-1.21800E00,PhaseCoef1=1.00000E00,PhaseCoef2=0.00000E00,PhaseCoef3=0.00000E00,ConcCoef0=0.00000E00,ConcCoef1=1.00000E00,c00=2.71482E-03,c01=1.12307E-04,c02=2.37837E-06,c03=1.44836E02,c04=-2.24858E-01,c05=-3.45963E01,c06=2.91620E00,Spreset=0.0,Pcoef1=0.1,Pcoef2=0.00022,Pcoef3=0.0419,B0=-6.24523E-03,B1=-7.37614e-03,B2=-1.0341E-02,B3=-8.17083e-03,C0=-4.88682e-07,D0=24.4543,D1=-67.4509,D2=-4.8489,D3=-5.44E-04,,,,,,,,,,,,,,,,,,,,,,,,,,,,,,,,
4902577,3637,PhaseCoef0=-1.51000E00,PhaseCoef1=1.00000E00,PhaseCoef2=0.00000E00,PhaseCoef3=0.00000E00,ConcCoef0=0.00000E00,ConcCoef1=1.00000E00,c00=2.77348E-03,c01=1.13993E-04,c02=2.46786E-06,c03=1.87299E02,c04=-2.70102E-01,c05=-4.08132E01,c06=3.76909E00,Spreset=0.0,Pcoef1=0.1,Pcoef2=0.00022,Pcoef3=0.0419,B0=-6.24523E-03,B1=-7.37614e-03,B2=-1.0341E-02,B3=-8.17083e-03,C0=-4.88682e-07,D0=24.4543,D1=-67.4509,D2=-4.8489,D3=-5.44E-04,,,,,,,,,,,,,,,,,,,,,,,,,,,,,,,,
4902582,3639,PhaseCoef0=6.69000E-01,PhaseCoef1=1.00000E00,PhaseCoef2=0.00000E00,PhaseCoef3=0.00000E00,ConcCoef0=0.00000E00,ConcCoef1=1.00000E00,c00=2.79071E-03,c01=1.14260E-04,c02=2.33224E-06,c03=1.35695E02,c04=-2.08301E-01,c05=-3.20633E01,c06=2.74867E00,Spreset=0.0,Pcoef1=0.1,Pcoef2=0.00022,Pcoef3=0.0419,B0=-6.24523E-03,B1=-7.37614e-03,B2=-1.0341E-02,B3=-8.17083e-03,C0=-4.88682e-07,D0=24.4543,D1=-67.4509,D2=-4.8489,D3=-5.44E-04,,,,,,,,,,,,,,,,,,,,,,,,,,,,,,,,
6903026,3679,PhaseCoef0=-1.56841,PhaseCoef1=1.00000E00,PhaseCoef2=0.00000E00,PhaseCoef3=0.00000E00,ConcCoef0=0.00000E00,ConcCoef1=1.00000E00,c00=0.0026835,c01=0.000118496,c02=2.23135e-06,c03=195.176,c04=-0.208458,c05=-41.8996,c06=3.85572,Spreset=0.0,Pcoef1=0.1,Pcoef2=0.00022,Pcoef3=0.0419,B0=-6.24523E-03,B1=-7.37614e-03,B2=-1.0341E-02,B3=-8.17083e-03,C0=-4.88682e-07,D0=24.4543,D1=-67.4509,D2=-4.8489,D3=-5.44E-04,A1_380=1.56843e-07,A0_380=2.15078e+09,lm_380=1.161,A1_412=2.10228e-07,A0_412=2.14946e+09,lm_412=1.368,A1_490=2.40316e-07,A0_490=2.14665e+09,lm_490=1.365,A1_PAR=3.20852e-06,A0_PAR=2.14729e+09,lm_PAR=1.359,SCALE_CHLA=0.0073,DARK_CHLA=48,DARK_BACKSCATTERING700=47,SCALE_BACKSCATTERING700=1.891e-06,delta=0.039,lambda=700,theta=124,khi=1.076,SCALE_CDOM=0.0902,DARK_CDOM=49,R=8.31446,F=96485,k0=-1.42365,k2=-0.00106853,f1=1.8014e-05,f2=-2.8288e-08,f3=2.638e-11,f4=-1.3977e-14,f5=3.9869e-18,f6=-4.7726e-22,,
4902598,3559,PhaseCoef0=-8.82000E-01,PhaseCoef1=1.00000E00,PhaseCoef2=0.00000E00,PhaseCoef3=0.00000E00,ConcCoef0=0.00000E00,ConcCoef1=1.00000E00,c00=2.79320E-03,c01=1.22276E-04,c02=2.19620E-06,c03=1.66240E02,c04=-2.26199E-01,c05=-3.75849E01,c06=3.30737E00,Spreset=0.0,Pcoef1=0.1,Pcoef2=0.00022,Pcoef3=0.0419,B0=-6.24523E-03,B1=-7.37614e-03,B2=-1.0341E-02,B3=-8.17083e-03,C0=-4.88682e-07,D0=24.4543,D1=-67.4509,D2=-4.8489,D3=-5.44E-04,SCALE_CHLA=0.0073,DARK_CHLA=48,DARK_BACKSCATTERING700=49,SCALE_BACKSCATTERING700=1.714E-06,delta=0.039,lambda=700,theta=142,khi=1.097,R=8.31446,F=96485,,
4902599,3588,PhaseCoef0=-7.36000E-01,PhaseCoef1=1.00000E00,PhaseCoef2=0.00000E00,PhaseCoef3=0.00000E00,ConcCoef0=0.00000E00,ConcCoef1=1.00000E00,c00=2.80210E-03,c01=1.23613E-04,c02=2.18974E-06,c03=1.78634E02,c04=-2.23998E-01,c05=-4.00228E01,c06=3.56774E00,Spreset=0.0,Pcoef1=0.1,Pcoef2=0.00022,Pcoef3=0.0419,B0=-6.24523E-03,B1=-7.37614e-03,B2=-1.0341E-02,B3=-8.17083e-03,C0=-4.88682e-07,D0=24.4543,D1=-67.4509,D2=-4.8489,D3=-5.44E-04,SCALE_CHLA=0.0073,DARK_CHLA=47,DARK_BACKSCATTERING700=47,SCALE_BACKSCATTERING700=1.596E-06,delta=0.039,lambda=700,theta=142,khi=1.097,R=8.31446,F=96485,,
4902620,3871,PhaseCoef0=-1.42200E00,PhaseCoef1=1.00000E00,PhaseCoef2=0.00000E00,PhaseCoef3=0.00000E00,ConcCoef0=0.00000E00,ConcCoef1=1.00000E00,c00=2.72144E-03,c01=1.16453E-04,c02=2.36264E-06,c03=2.20302E02,c04=-2.46405E-01,c05=-4.87140E01,c06=4.46380E00,Spreset=0.0,Pcoef1=0.1,Pcoef2=0.00022,Pcoef3=0.0419,B0=-6.24523E-03,B1=-7.37614e-03,B2=-1.0341E-02,B3=-8.17083e-03,C0=-4.88682e-07,D0=24.4543,D1=-67.4509,D2=-4.8489,D3=-5.44E-04,SCALE_CHLA=0.0073,DARK_CHLA=43,DARK_BACKSCATTERING700=45,SCALE_BACKSCATTERING700=1.647E-06,delta=0.039,lambda=700,theta=142,khi=1.097,R=8.31446,F=96485,,
4902626,3858,PhaseCoef0=-2.95000E-01,PhaseCoef1=1.00000E00,PhaseCoef2=0.00000E00,PhaseCoef3=0.00000E00,ConcCoef0=0.00000E00,ConcCoef1=1.00000E00,c00=2.73081E-03,c01=1.17728E-04,c02=2.25752E-06,c03=2.01599E02,c04=-2.04763E-01,c05=-4.37767E01,c06=4.07425E00,Spreset=0.0,Pcoef1=0.1,Pcoef2=0.00022,Pcoef3=0.0419,B0=-6.24523E-03,B1=-7.37614e-03,B2=-1.0341E-02,B3=-8.17083e-03,C0=-4.88682e-07,D0=24.4543,D1=-67.4509,D2=-4.8489,D3=-5.44E-04,SCALE_CHLA=0.0072,DARK_CHLA=43,DARK_BACKSCATTERING700=45,SCALE_BACKSCATTERING700=1.668E-06,delta=0.039,lambda=700,theta=142,khi=1.097,R=8.31446,F=96485,k0=-1.2952,k2=-0.00088525,f1=7.9958e-06,f2=-1.3183e-08,f3=1.359e-11,f4=-7.9369e-15,f5=2.4769e-18,f6=-3.1981e-22,,
4902623,3864,PhaseCoef0=-2.58900E00,PhaseCoef1=1.00000E00,PhaseCoef2=0.00000E00,PhaseCoef3=0.00000E00,ConcCoef0=0.00000E00,ConcCoef1=1.00000E00,c00=2.69393E-03,c01=1.15309E-04,c02=2.26905E-06,c03=2.18327E02,c04=-2.21551E-01,c05=-3.94475E01,c06=4.44042E00,Spreset=0.0,Pcoef1=0.1,Pcoef2=0.00022,Pcoef3=0.0419,B0=-6.24523E-03,B1=-7.37614e-03,B2=-1.0341E-02,B3=-8.17083e-03,C0=-4.88682e-07,D0=24.4543,D1=-67.4509,D2=-4.8489,D3=-5.44E-04,SCALE_CHLA=0.0072,DARK_CHLA=48,DARK_BACKSCATTERING700=46,SCALE_BACKSCATTERING700=1.769E-06,delta=0.039,lambda=700,theta=142,khi=1.097,R=8.31446,F=96485,,