Cr_number,DOXY_SN,,,,,,,,,,,,,,,,,,,,,,,,,,,,,,,,,,,,,,,,,,,,
4900494,1456,Sref=35.0,Spreset=0,Pcoef2=0.0025,Pcoef3=0.0328,B0=-6.24523e-3,B1 = -7.37614e-3, B2 = -1.03410e-2, B3 = -8.17083e-3, C0 = -4.88682e-7,D0 = 24.4543, D1 = -67.4509, D2 = -4.8489, D3 = -5.44e-4,,,,,,,,,,,,,,,,,,,,,,,,,,,,,,,
4900497,1457,Sref=35.0,Spreset=0,Pcoef2=0.0025,Pcoef3=0.0328,B0=-6.24523e-3,B1 = -7.37614e-3, B2 = -1.03410e-2, B3 = -8.17083e-3, C0 = -4.88682e-7,D0 = 24.4543, D1 = -67.4509, D2 =-4.8489, D3 = -5.44e-4,,,,,,,,,,,,,,,,,,,,,,,,,,,,,,,
4900523,1458,Sref=35.0,Spreset=0,Pcoef2=0.0025,Pcoef3=0.0328,B0=-6.24523e-3,B1 = -7.37614e-3, B2 = -1.03410e-2, B3 = -8.17083e-3, C0 = -4.88682e-7,D0 = 24.4543, D1 = -67.4509, D2 = -4.8489, D3 = -5.44e-4,,,,,,,,,,,,,,,,,,,,,,,,,,,,,,,
4900524,1459,Sref=35.0,Spreset=0,Pcoef2=0.0025,Pcoef3=0.0328,B0=-6.24523e-3,B1 = -7.37614e-3, B2 = -1.03410e-2, B3 = -8.17083e-3, C0 = -4.88682e-7,D0 = 24.4543, D1 = -67.4509, D2 = -4.8489, D3 = -5.44e-4,,,,,,,,,,,,,,,,,,,,,,,,,,,,,,,
4900627,2139,Sref=35.0,Spreset=0,Pcoef2=0.0025,Pcoef3=0.0328,B0=-6.24523e-3,B1 = -7.37614e-3, B2 = -1.03410e-2, B3 = -8.17083e-3, C0 = -4.88682e-7,D0 = 24.4543, D1 = -67.4509, D2 =-4.8489, D3 = -5.44e-4,,,,,,,,,,,,,,,,,,,,,,,,,,,,,,,
4900637,1459-375,Sref=35.0,Spreset=0,Pcoef2=0.0025,Pcoef3=0.0328,B0=-6.24523e-3,B1 = -7.37614e-3, B2 = -1.03410e-2, B3 = -8.17083e-3, C0 = -4.88682e-7,D0 = 24.4543, D1 = -67.4509, D2 = -4.8489, D3 = -5.44e-4,,,,,,,,,,,,,,,,,,,,,,,,,,,,,,,
4900869,2800-674,Sref=35.0,Spreset=0,Pcoef2=0.0025,Pcoef3=0.0328,B0=-6.24523e-3,B1 = -7.37614e-3, B2 = -1.03410e-2, B3 = -8.17083e-3, C0 = -4.88682e-7,D0 = 24.4543, D1 = -67.4509, D2 = -4.8489, D3 = -5.44e-4,,,,,,,,,,,,,,,,,,,,,,,,,,,,,,,
4900870,2801-675,Sref=35.0,Spreset=0,Pcoef2=0.0025,Pcoef3=0.0328,B0=-6.24523e-3,B1 = -7.37614e-3, B2 = -1.03410e-2, B3 = -8.17083e-3, C0 = -4.88682e-7,D0 = 24.4543, D1 = -67.4509, D2 = -4.8489, D3 = -5.44e-4,,,,,,,,,,,,,,,,,,,,,,,,,,,,,,,
4900871,2802-668,Sref=35.0,Spreset=0,Pcoef2=0.0025,Pcoef3=0.0328,B0=-6.24523e-3,B1 = -7.37614e-3, B2 = -1.03410e-2, B3 = -8.17083e-3, C0 = -4.88682e-7,D0 = 24.4543, D1 = -67.4509, D2 = -4.8489, D3 = -5.44e-4,,,,,,,,,,,,,,,,,,,,,,,,,,,,,,,
4900872,2803-669,Sref=35.0,Spreset=0,Pcoef2=0.0025,Pcoef3=0.0328,B0=-6.24523e-3,B1 = -7.37614e-3, B2 = -1.03410e-2, B3 = -8.17083e-3, C0 = -4.88682e-7,D0 = 24.4543, D1 = -67.4509, D2 = -4.8489, D3 = -5.44e-4,,,,,,,,,,,,,,,,,,,,,,,,,,,,,,,
4900873,2804-662,Sref=35.0,Spreset=0,Pcoef2=0.0025,Pcoef3=0.0328,B0=-6.24523e-3,B1 = -7.37614e-3, B2 = -1.03410e-2, B3 = -8.17083e-3, C0 = -4.88682e-7,D0 = 24.4543, D1 = -67.4509, D2 = -4.8489, D3 = -5.44e-4,,,,,,,,,,,,,,,,,,,,,,,,,,,,,,,
4900874,2807-667,Sref=35.0,Spreset=0,Pcoef2=0.0025,Pcoef3=0.0328,B0=-6.24523e-3,B1 = -7.37614e-3, B2 = -1.03410e-2, B3 = -8.17083e-3, C0 = -4.88682e-7,D0 = 24.4543, D1 = -67.4509, D2 = -4.8489, D3 = -5.44e-4,,,,,,,,,,,,,,,,,,,,,,,,,,,,,,,
4900879,2808-673,Sref=35.0,Spreset=0,Pcoef2=0.0025,Pcoef3=0.0328,B0=-6.24523e-3,B1 = -7.37614e-3, B2 = -1.03410e-2, B3 = -8.17083e-3, C0 = -4.88682e-7,D0 = 24.4543, D1 = -67.4509, D2 = -4.8489, D3 = -5.44e-4,,,,,,,,,,,,,,,,,,,,,,,,,,,,,,,
4900880,2809-665,Sref=35.0,Spreset=0,Pcoef2=0.0025,Pcoef3=0.0328,B0=-6.24523e-3,B1 = -7.37614e-3, B2 = -1.03410e-2, B3 = -8.17083e-3, C0 = -4.88682e-7,D0 = 24.4543, D1 = -67.4509, D2 = -4.8489, D3 = -5.44e-4,,,,,,,,,,,,,,,,,,,,,,,,,,,,,,,
4900881,2811-672,Sref=35.0,Spreset=0,Pcoef2=0.0025,Pcoef3=0.0328,B0=-6.24523e-3,B1 = -7.37614e-3, B2 = -1.03410e-2, B3 = -8.17083e-3, C0 = -4.88682e-7,D0 = 24.4543, D1 = -67.4509, D2 = -4.8489, D3 = -5.44e-4,,,,,,,,,,,,,,,,,,,,,,,,,,,,,,,
4900882,2810-676,Sref=35.0,Spreset=0,Pcoef2=0.0025,Pcoef3=0.0328,B0=-6.24523e-3,B1 = -7.37614e-3, B2 = -1.03410e-2, B3 = -8.17083e-3, C0 = -4.88682e-7,D0 = 24.4543, D1 = -67.4509, D2 = -4.8489, D3 = -5.44e-4,,,,,,,,,,,,,,,,,,,,,,,,,,,,,,,
4900883,2812-507,Sref=35.0,Spreset=0,Pcoef2=0.0025,Pcoef3=0.0328,B0=-6.24523e-3,B1 = -7.37614e-3, B2 = -1.03410e-2, B3 = -8.17083e-3, C0 = -4.88682e-7,D0 = 24.4543, D1 = -67.4509, D2 = -4.8489, D3 = -5.44e-4,,,,,,,,,,,,,,,,,,,,,,,,,,,,,,,
4901134,1060,PhaseCoef0=1.262809E+00,PhaseCoef1=1.090451E+00,PhaseCoef2=0.000000E+00,PhaseCoef3=0.000000E+00,c00=5.276020E+03,c01=-1.783356E+02,c02=3.603367E+00,c03=-3.172573E-02,c10=-2.835152E+02,c11=8.539261E+00,c12=-1.707122E-01,c13=1.519272E-03,c20=6.146133E+00,c21=-1.629492E-01,c22=3.255790E-03,c23=-2.941464E-05,c30=-6.200037E-02,c31=1.436286E-03,c32=-2.908785E-05,c33=2.671883E-07,c40=2.392831E-04,c41=-4.792503E-06,c42=1.000596E-07,c43=-9.331836E-10,Sref=0.00E+00,Spreset=0.00E+00,Pcoef1=1.000000E-01,Pcoef2=2.200000E-04,Pcoef3=4.190000E-02,B0=-6.245230E-03,B1=-7.376140E-03,B2=-1.03410e-2,B3=-8.170830E-03,C0=-4.886820E-07,D0=2.445430E+01,D1=-6.745090E+01,D2=-4.8489,D3=-5.44e-4,,,,,,
4901135,1062,PhaseCoef0=1.283271E+00,PhaseCoef1=1.086662E+00,PhaseCoef2=0.000000E+00,PhaseCoef3=0.000000E+00,c00=5.276020E+03,c01=-1.783356E+02,c02=3.603367E+00,c03=-3.172573E-02,c10=-2.835152E+02,c11=8.539261E+00,c12=-1.707122E-01,c13=1.519272E-03,c20=6.146133E+00,c21=-1.629492E-01,c22=3.255790E-03,c23=-2.941464E-05,c30=-6.200037E-02,c31=1.436286E-03,c32=-2.908785E-05,c33=2.671883E-07,c40=2.392831E-04,c41=-4.792503E-06,c42=1.000596E-07,c43=-9.331836E-10,Sref=0.00E+00,Spreset=0.00E+00,Pcoef1=1.000000E-01,Pcoef2=2.200000E-04,Pcoef3=4.190000E-02,B0=-6.245230E-03,B1=-7.376140E-03,B2=-1.03410e-2,B3=-8.170830E-03,C0=-4.886820E-07,D0=2.445430E+01,D1=-6.745090E+01,D2=-4.8489,D3=-5.44e-4,,,,,,
4901136,1076,PhaseCoef0=3.004120E+00,PhaseCoef1=1.083430E+00,PhaseCoef2=0.000000E+00,PhaseCoef3=0.000000E+00,c00=5.276020E+03,c01=-1.783360E+02,c02=3.603370E+00,c03=-3.172570E-02,c10=-2.835150E+02,c11=8.539260E+00,c12=-1.707120E-01,c13=1.519270E-03,c20=6.146130E+00,c21=-1.629490E-01,c22=3.255790E-03,c23=-2.941460E-05,c30=-6.200040E-02,c31=1.436290E-03,c32=-2.908790E-05,c33=2.671880E-07,c40=2.392830E-04,c41=-4.792500E-06,c42=1.000600E-07,c43=-9.331840E-10,Sref=0.00E+00,Spreset=0.00E+00,Pcoef1=1.000000E-01,Pcoef2=2.200000E-04,Pcoef3=4.190000E-02,B0=-6.245230E-03,B1=-7.376140E-03,B2=-1.03410e-2,B3=-8.170830E-03,C0=-4.886820E-07,D0=2.445430E+01,D1=-6.745090E+01,D2=-4.8489,D3=-5.44e-4,,,,,,
4901137,1079,PhaseCoef0=4.168365E+00,PhaseCoef1=1.083413E+00,PhaseCoef2=0.000000E+00,PhaseCoef3=0.000000E+00,c00=5.276020E+03,c01=-1.783356E+02,c02=3.603367E+00,c03=-3.172573E-02,c10=-2.835152E+02,c11=8.539261E+00,c12=-1.707122E-01,c13=1.519272E-03,c20=6.146133E+00,c21=-1.629492E-01,c22=3.255790E-03,c23=-2.941464E-05,c30=-6.200037E-02,c31=1.436286E-03,c32=-2.908785E-05,c33=2.671883E-07,c40=2.392831E-04,c41=-4.792503E-06,c42=1.000596E-07,c43=-9.331836E-10,Sref=0.00E+00,Spreset=0.00E+00,Pcoef1=1.000000E-01,Pcoef2=2.200000E-04,Pcoef3=4.190000E-02,B0=-6.245230E-03,B1=-7.376140E-03,B2=-1.03410e-2,B3=-8.170830E-03,C0=-4.886820E-07,D0=2.445430E+01,D1=-6.745090E+01,D2=-4.8489,D3=-5.44e-4,,,,,,
4901139,1081,PhaseCoef0=3.684722E+00,PhaseCoef1=1.082330E+00,PhaseCoef2=0.000000E+00,PhaseCoef3=0.000000E+00,c00=5.276020E+03,c01=-1.783356E+02,c02=3.603367E+00,c03=-3.172573E-02,c10=-2.835152E+02,c11=8.539261E+00,c12=-1.707122E-01,c13=1.519272E-03,c20=6.146133E+00,c21=-1.629492E-01,c22=3.255790E-03,c23=-2.941464E-05,c30=-6.200037E-02,c31=1.436286E-03,c32=-2.908785E-05,c33=2.671883E-07,c40=2.392831E-04,c41=-4.792503E-06,c42=1.000596E-07,c43=-9.331836E-10,Sref=0.00E+00,Spreset=0.00E+00,Pcoef1=1.000000E-01,Pcoef2=2.200000E-04,Pcoef3=4.190000E-02,B0=-6.245230E-03,B1=-7.376140E-03,B2=-1.03410e-2,B3=-8.170830E-03,C0=-4.886820E-07,D0=2.445430E+01,D1=-6.745090E+01,D2=-4.8489,D3=-5.44e-4,,,,,,
4901140,1085,PhaseCoef0=1.353820E+00,PhaseCoef1=1.096276E+00,PhaseCoef2=0.000000E+00,PhaseCoef3=0.000000E+00,c00=5.276020E+03,c01=-1.783356E+02,c02=3.603367E+00,c03=-3.172573E-02,c10=-2.835152E+02,c11=8.539261E+00,c12=-1.707122E-01,c13=1.519272E-03,c20=6.146133E+00,c21=-1.629492E-01,c22=3.255790E-03,c23=-2.941464E-05,c30=-6.200037E-02,c31=1.436286E-03,c32=-2.908785E-05,c33=2.671883E-07,c40=2.392831E-04,c41=-4.792503E-06,c42=1.000596E-07,c43=-9.331836E-10,Sref=0.00E+00,Spreset=0.00E+00,Pcoef1=1.000000E-01,Pcoef2=2.200000E-04,Pcoef3=4.190000E-02,B0=-6.245230E-03,B1=-7.376140E-03,B2=-1.03410e-2,B3=-8.170830E-03,C0=-4.886820E-07,D0=2.445430E+01,D1=-6.745090E+01,D2=-4.8489,D3=-5.44e-4,,,,,,
4901141,1239,PhaseCoef0=2.506401E+00,PhaseCoef1=1.090969E+00,PhaseCoef2=0.000000E+00,PhaseCoef3=0.000000E+00,c00=5.027450E+03,c01=-1.696439E+02,c02=3.473719E+00,c03=-3.108840E-02,c10=-2.721330E+02,c11=8.196421E+00,c12=-1.680359E-01,c13=1.540629E-03,c20=5.941140E+00,c21=-1.576730E-01,c22=3.274610E-03,c23=-3.088700E-05,c30=-6.030080E-02,c31=1.398610E-03,c32=-2.988590E-05,c33=2.902090E-07,c40=2.338740E-04,c41=-4.686760E-06,c42=1.050690E-07,c43=-1.049079E-09,Sref=0.00E+00,Spreset=0.00E+00,Pcoef1=1.000000E-01,Pcoef2=2.200000E-04,Pcoef3=4.190000E-02,B0=-6.245230E-03,B1=-7.376140E-03,B2=-1.03410e-2,B3=-8.170830E-03,C0=-4.886820E-07,D0=2.445430E+01,D1=-6.745090E+01,D2=-4.8489,D3=-5.44e-4,,,,,,
4901142,1240,PhaseCoef0=1.064231E+00,PhaseCoef1=1.091973E+00,PhaseCoef2=0.000000E+00,PhaseCoef3=0.000000E+00,c00=5.027450E+03,c01=-1.696439E+02,c02=3.473719E+00,c03=-3.108840E-02,c10=-2.721330E+02,c11=8.196421E+00,c12=-1.680359E-01,c13=1.540629E-03,c20=5.941140E+00,c21=-1.576730E-01,c22=3.274610E-03,c23=-3.088700E-05,c30=-6.030080E-02,c31=1.398610E-03,c32=-2.988590E-05,c33=2.902090E-07,c40=2.338740E-04,c41=-4.686760E-06,c42=1.050690E-07,c43=-1.049079E-09,Sref=0.00E+00,Spreset=0.00E+00,Pcoef1=1.000000E-01,Pcoef2=2.200000E-04,Pcoef3=4.190000E-02,B0=-6.245230E-03,B1=-7.376140E-03,B2=-1.03410e-2,B3=-8.170830E-03,C0=-4.886820E-07,D0=2.445430E+01,D1=-6.745090E+01,D2=-4.8489,D3=-5.44e-4,,,,,,
4901779,890,A0=1.05130E+00,A1=-1.50000E-03,A2=4.98350E-01,B0=-2.23170E-01,B1=1.71010E+00,C0=8.86770E-02,C1=3.70660E-03,C2=5.24240E-05,E=1.10000E-02,Sref=0.0,Spreset=0.0,Pcoef1=0.11500,Pcoef2=0.00022,Pcoef3=0.04190,D0=24.4543,D1=-67.4509,D2=-4.8489,D3=-5.44000E-04,SolB0=-6.24523E-03,SolB1=-7.37614E-03,SolB2=-1.03410e-2,SolB3=-8.17083E-03,SolC0=4.88682E-07,,,,,,,,,,,,,,,,,,,,,
4901780,986,A0=1.05130E+00,A1=-1.50000E-03,A2=4.81210E-01,B0=-2.29050E-01,B1=1.69750E+00,C0=9.24910E-02,C1=3.85600E-03,C2=5.49030E-05,E=1.10000E-02,Sref=0.0,Spreset=0.0,Pcoef1=0.11500,Pcoef2=0.00022,Pcoef3=0.04190,D0=24.4543,D1=-67.4509,D2=-4.8489,D3=-5.44000E-04,SolB0=-6.24523E-03,SolB1=-7.37614E-03,SolB2=-1.03410e-2,SolB3=-8.17083E-03,SolC0=4.88682E-07,,,,,,,,,,,,,,,,,,,,,
4901781,968,A0=1.05130E+00,A1=-1.50000E-03,A2=4.10370E-01,B0=-2.29880E-01,B1=1.63170E+00,C0=9.99380E-02,C1=4.19490E-03,C2=5.91940E-05,E=1.10000E-02,Sref=0.0,Spreset=0.0,Pcoef1=0.11500,Pcoef2=0.00022,Pcoef3=0.04190,D0=24.4543,D1=-67.4509,D2=-4.8489,D3=-5.44000E-04,SolB0=-6.24523E-03,SolB1=-7.37614E-03,SolB2=-1.03410e-2,SolB3=-8.17083E-03,SolC0=4.88682E-07,,,,,,,,,,,,,,,,,,,,,
4901782,851,A0=1.05130E+00,A1=-1.50000E-03,A2=4.81590E-01,B0=-2.24900E-01,B1=1.69570E+00,C0=9.05830E-02,C1=3.82360E-03,C2=5.40230E-05,E=1.10000E-02,Sref=0.0,Spreset=0.0,Pcoef1=0.11500,Pcoef2=0.00022,Pcoef3=0.04190,D0=24.4543,D1=-67.4509,D2=-4.8489,D3=-5.44000E-04,SolB0=-6.24523E-03,SolB1=-7.37614E-03,SolB2=-1.03410e-2,SolB3=-8.17083E-03,SolC0=4.88682E-07,,,,,,,,,,,,,,,,,,,,,
4901784,990,A0=1.05130E+00,A1=-1.50000E-03,A2=4.35069E-01,B0=-2.31600E-01,B1=1.65080E+00,C0=9.87940E-02,C1=4.19250E-03,C2=5.59580E-05,E=1.10000E-02,Sref=0.0,Spreset=0.0,Pcoef1=0.11500,Pcoef2=0.00022,Pcoef3=0.04190,D0=24.4543,D1=-67.4509,D2=-4.8489,D3=-5.44000E-04,SolB0=-6.24523E-03,SolB1=-7.37614E-03,SolB2=-1.03410e-2,SolB3=-8.17083E-03,SolC0=4.88682E-07,,,,,,,,,,,,,,,,,,,,,
4901785,987,A0=1.05130E+00,A1=-1.50000E-03,A2=3.83880E-01,B0=-2.36030E-01,B1=1.60480E+00,C0=1.06550E-01,C1=4.51490E-03,C2=6.18440E-05,E=1.10000E-02,Sref=0.0,Spreset=0.0,Pcoef1=0.11500,Pcoef2=0.00022,Pcoef3=0.04190,D0=24.4543,D1=-67.4509,D2=-4.8489,D3=-5.44000E-04,SolB0=-6.24523E-03,SolB1=-7.37614E-03,SolB2=-1.03410e-2,SolB3=-8.17083E-03,SolC0=4.88682E-07,,,,,,,,,,,,,,,,,,,,,
4901786,989,A0=1.05130E+00,A1=-1.50000E-03,A2=4.81590E-01,B0=-2.91510E-01,B1=1.51680E+00,C0=1.20440E-01,C1=5.10410E-03,C2=7.05020E-05,E=1.10000E-02,Sref=0.0,Spreset=0.0,Pcoef1=0.11500,Pcoef2=0.00022,Pcoef3=0.04190,D0=24.4543,D1=-67.4509,D2=-4.8489,D3=-5.44000E-04,SolB0=-6.24523E-03,SolB1=-7.37614E-03,SolB2=-1.03410e-2,SolB3=-8.17083E-03,SolC0=4.88682E-07,,,,,,,,,,,,,,,,,,,,,
4901790,994,A0=1.05130E+00,A1=-1.50000E-03,A2=4.38700E-01,B0=-2.34930E-01,B1=1.69750E+00,C0=9.90720E-02,C1=4.20140E-03,C2=5.64720E-05,E=1.10000E-02,Sref=0.0,Spreset=0.0,Pcoef1=0.11500,Pcoef2=0.00022,Pcoef3=0.04190,D0=24.4543,D1=-67.4509,D2=-4.8489,D3=-5.44000E-04,SolB0=-6.24523E-03,SolB1=-7.37614E-03,SolB2=-1.03410e-2,SolB3=-8.17083E-03,SolC0=4.88682E-07,,,,,,,,,,,,,,,,,,,,,
4901791,992,A0=1.05130E+00,A1=-1.50000E-03,A2=4.27420E-01,B0=-2.22020E-01,B1=1.63890E+00,C0=9.61150E-02,C1=4.07950E-03,C2=5.64390E-05,E=1.10000E-02,Sref=0.0,Spreset=0.0,Pcoef1=0.11500,Pcoef2=0.00022,Pcoef3=0.04190,D0=24.4543,D1=-67.4509,D2=-4.8489,D3=-5.44000E-04,SolB0=-6.24523E-03,SolB1=-7.37614E-03,SolB2=-1.03410e-2,SolB3=-8.17083E-03,SolC0=4.88682E-07,,,,,,,,,,,,,,,,,,,,,
4901808,1128,A0=1.05130E+00,A1=-1.50000E-03,A2=3.91280E-01,B0=-2.14800E-01,B1=1.60200E+00,C0=1.03040E-01,C1=4.34710E-03,C2=5.72480E-05,E=1.10000E-02,Sref=0.0,Spreset=0.0,Pcoef1=0.11500,Pcoef2=0.00022,Pcoef3=0.04190,D0=24.4543,D1=-67.4509,D2=-4.8489,D3=-5.44000E-04,SolB0=-6.24523E-03,SolB1=-7.37614E-03,SolB2=-1.03410e-2,SolB3=-8.17083E-03,SolC0=4.88682E-07,,,,,,,,,,,,,,,,,,,,,
4902383,1252,A0=1.05130E+00,A1=-1.50000E-03,A2=4.53360E-01,B0=-2.33970E-01,B1=1.67440E+00,C0=9.54250E-02,C1=4.03950E-03,C2=5.41780E-05,E=1.10000E-02,Sref=0.0,Spreset=0.0,Pcoef1=0.11500,Pcoef2=0.00022,Pcoef3=0.04190,D0=24.4543,D1=-67.4509,D2=-4.8489,D3=-5.44000E-04,SolB0=-6.24523E-03,SolB1=-7.37614E-03,SolB2=-1.03410e-2,SolB3=-8.17083E-03,SolC0=4.88682E-07,,,,,,,,,,,,,,,,,,,,,
4902384,1134,A0=1.05130E+00,A1=-1.50000E-03,A2=4.07590E-01,B0=-2.21570E-01,B1=1.62130E+00,C0=1.01210E-02,C1=4.27290E-03,C2=5.72360E-05,E=1.10000E-02,Sref=0.0,Spreset=0.0,Pcoef1=0.11500,Pcoef2=0.00022,Pcoef3=0.04190,D0=24.4543,D1=-67.4509,D2=-4.8489,D3=-5.44000E-04,SolB0=-6.24523E-03,SolB1=-7.37614E-03,SolB2=-1.03410e-2,SolB3=-8.17083E-03,SolC0=4.88682E-07,,,,,,,,,,,,,,,,,,,,,
4902385,1135,A0=1.05130E+00,A1=-1.50000E-03,A2=4.79150E-01,B0=-2.10160E-01,B1=1.68080E+00,C0=9.11690E-02,C1=3.84410E-03,C2=4.96280E-05,E=1.10000E-02,Sref=0.0,Spreset=0.0,Pcoef1=0.11500,Pcoef2=0.00022,Pcoef3=0.04190,D0=24.4543,D1=-67.4509,D2=-4.8489,D3=-5.44000E-04,SolB0=-6.24523E-03,SolB1=-7.37614E-03,SolB2=-1.03410e-2,SolB3=-8.17083E-03,SolC0=4.88682E-07,,,,,,,,,,,,,,,,,,,,,
4902386,1246,A0=1.05130E+00,A1=-1.50000E-03,A2=4.76220E-01,B0=-2.23340E-01,B1=1.68910E+00,C0=9.13750E-02,C1=3.86450E-03,C2=5.11190E-05,E=1.10000E-02,Sref=0.0,Spreset=0.0,Pcoef1=0.11500,Pcoef2=0.00022,Pcoef3=0.04190,D0=24.4543,D1=-67.4509,D2=-4.8489,D3=-5.44000E-04,SolB0=-6.24523E-03,SolB1=-7.37614E-03,SolB2=-1.03410e-2,SolB3=-8.17083E-03,SolC0=4.88682E-07,,,,,,,,,,,,,,,,,,,,,
4902414,1420,A0=1.05130E+00,A1=-1.50000E-03,A2=5.0533e-001,B0=-1.9485e-001,B1=1.6956e+00,C0=8.5696e-002,C1=3.5631e-003,C2=4.5915e-005,E=1.10000E-02,Sref=0.0,Spreset=0.0,Pcoef1=0.11500,Pcoef2=0.00022,Pcoef3=0.04190,D0=24.4543,D1=-67.4509,D2=-4.8489,D3=-5.44000E-04,SolB0=-6.24523E-03,SolB1=-7.37614E-03,SolB2=-1.03410e-2,SolB3=-8.17083E-03,SolC0=4.88682E-07,,,,,,,,,,,,,,,,,,,,,
4902390,1395,A0=1.05130E+00,A1=-1.50000E-03,A2=4.1073E-01,B0=-2.3762E-001,B1=1.6365E+00,C0=9.9772E-002, C1=4.2379E-003,C2=5.9039E-005,E=1.1000E-002,Sref=0.0,Spreset=0.0,Pcoef1=0.11500,Pcoef2=0.00022,Pcoef3=0.04190,D0=24.4543,D1=-67.4509,D2=-4.8489,D3=-5.44000E-04,SolB0=-6.24523E-03,SolB1=-7.37614E-03,SolB2=-1.03410e-2,SolB3=-8.17083E-03,SolC0=4.88682E-07,,,,,,,,,,,,,,,,,,,,,
4902409,1385,A0=1.05130E+00,A1=-1.50000E-03,A2= 3.9444E-001,B0=-2.1690E-001,B1=1.6063E+00,C0=1.0164E-001, C1=4.2662E-003,C2=5.7356E-005,E=1.1000E-002,Sref=0.0,Spreset=0.0,Pcoef1=0.11500,Pcoef2=0.00022,Pcoef3=0.04190,D0=24.4543,D1=-67.4509,D2=-4.8489,D3=-5.44000E-04,SolB0=-6.24523E-03,SolB1=-7.37614E-03,SolB2=-1.03410e-2,SolB3=-8.17083E-03,SolC0=4.88682E-07,,,,,,,,,,,,,,,,,,,,,
4902410,1419,A0=1.05130E+00,A1=-1.50000E-03,A2= 3.9090E-001,B0=-2.2689E-001,B1=1.6121E+00,C0=1.0142E-001, C1=4.2821E-003,C2=5.9162E-005,E=1.1000E-002,Sref=0.0,Spreset=0.0,Pcoef1=0.11500,Pcoef2=0.00022,Pcoef3=0.04190,D0=24.4543,D1=-67.4509,D2=-4.8489,D3=-5.44000E-04,SolB0=-6.24523E-03,SolB1=-7.37614E-03,SolB2=-1.03410e-2,SolB3=-8.17083E-03,SolC0=4.88682E-07,,,,,,,,,,,,,,,,,,,,,
4902416,1435,A0=1.05130E+00,A1=-1.50000E-03,A2= 3.3277E-001,B0=-2.1138E-001,B1=1.5404E+00,C0=1.0672E-001, C1=4.4107E-003,C2=6.3028E-005,E=1.1000E-002,Sref=0.0,Spreset=0.0,Pcoef1=0.11500,Pcoef2=0.00022,Pcoef3=0.04190,D0=24.4543,D1=-67.4509,D2=-4.8489,D3=-5.44000E-04,SolB0=-6.24523E-03,SolB1=-7.37614E-03,SolB2=-1.03410e-2,SolB3=-8.17083E-03,SolC0=4.88682E-07,,,,,,,,,,,,,,,,,,,,,
4902480,3123,PhaseCoef0=-2.17500E00,PhaseCoef1=1.00000E00,PhaseCoef2=0.00000E00,PhaseCoef3=0.00000E00,ConcCoef0=0.00000E00,ConcCoef1=1.00000E00,c00=2.78521E-03,c01=1.23297E-04,c02=2.30093E-06,c03=4.51404E02,c04=-5.79445E-01,c05=-9.91449E01,c06=9.03881E00,Spreset=0.0,Pcoef1=0.1,Pcoef2=0.00022,Pcoef3=0.0419,B0=-6.24523E-03,B1=-7.37614e-03,B2=-1.0341E-02,B3=-8.17083e-03,C0=-4.88682e-07,D0=24.4543,D1=-67.4509,D2=-4.8489,D3=-5.44E-04,,,,,,,,,,,,,,,,,,
4902481,3124,PhaseCoef0=-1.84900E00,PhaseCoef1=1.00000E00,PhaseCoef2=0.00000E00,PhaseCoef3=0.00000E00,ConcCoef0=0.00000E00,ConcCoef1=1.00000E00,c00=2.74913E-03,c01=1.21343E-04,c02=2.22187E-06,c03=2.17390E02,c04=-3.14270E-01,c05=-4.75586E01,c06=4.37026E00,Spreset=0.0,Pcoef1=0.1,Pcoef2=0.00022,Pcoef3=0.0419,B0=-6.24523E-03,B1=-7.37614e-03,B2=-1.0341E-02,B3=-8.17083e-03,C0=-4.88682e-07,D0=24.4543,D1=-67.4509,D2=-4.8489,D3=-5.44E-04,,,,,,,,,,,,,,,,,,
4902549,3257,PhaseCoef0=-3.26400E00,PhaseCoef1=1.00000E00,PhaseCoef2=0.00000E00,PhaseCoef3=0.00000E00,ConcCoef0=0.00000E00,ConcCoef1=1.00000E00,c00=2.61321E-03,c01=1.15769E-04,c02=2.2534E-06,c03=1.93223E02,c04=-2.27400E-01,c05=-4.08895E01,c06=3.97899E00,Spreset=0.0,Pcoef1=0.1,Pcoef2=0.00022,Pcoef3=0.0419,B0=-6.24523E-03,B1=-7.37614e-03,B2=-1.0341E-02,B3=-8.17083e-03,C0=-4.88682e-07,D0=24.4543,D1=-67.4509,D2=-4.8489,D3=-5.44E-04,,,,,,,,,,,,,,,,,,
4902551,3354,PhaseCoef0=-2.12400E00,PhaseCoef1=1.00000E00,PhaseCoef2=0.00000E00,PhaseCoef3=0.00000E00,ConcCoef0=0.00000E00,ConcCoef1=1.00000E00,c00=2.82334E-03,c01=1.22839E-04,c02=2.21180E-06,c03=1.87823E02,c04=-2.73420E-01,c05=-3.81115E01,c06=3.75057E00,Spreset=0.0,Pcoef1=0.1,Pcoef2=0.00022,Pcoef3=0.0419,B0=-6.24523E-03,B1=-7.37614e-03,B2=-1.0341E-02,B3=-8.17083e-03,C0=-4.88682e-07,D0=24.4543,D1=-67.4509,D2=-4.8489,D3=-5.44E-04,,,,,,,,,,,,,,,,,,
4902552,3259,PhaseCoef0=-1.88800E00,PhaseCoef1=1.00000E00,PhaseCoef2=0.00000E00,PhaseCoef3=0.00000E00,ConcCoef0=0.00000E00,ConcCoef1=1.00000E00,c00=2.69695E-03,c01=1.17353E-04,c02=2.25124E-06,c03=1.86221E02,c04=-2.19175E-01,c05=-3.88006E01,c06=3.79021E00,Spreset=0.0,Pcoef1=0.1,Pcoef2=0.00022,Pcoef3=0.0419,B0=-6.24523E-03,B1=-7.37614e-03,B2=-1.0341E-02,B3=-8.17083e-03,C0=-4.88682e-07,D0=24.4543,D1=-67.4509,D2=-4.8489,D3=-5.44E-04,,,,,,,,,,,,,,,,,,
4902553,3258,PhaseCoef0=-2.98400E00,PhaseCoef1=1.00000E00,PhaseCoef2=0.00000E00,PhaseCoef3=0.00000E00,ConcCoef0=0.00000E00,ConcCoef1=1.00000E00,c00=2.67053E-03,c01=1.16993E-04,c02=2.27297E-06,c03=2.30819E02,c04=-3.30158E-01,c05=-5.01267E01,c06=4.72142E00,Spreset=0.0,Pcoef1=0.1,Pcoef2=0.00022,Pcoef3=0.0419,B0=-6.24523E-03,B1=-7.37614e-03,B2=-1.0341E-02,B3=-8.17083e-03,C0=-4.88682e-07,D0=24.4543,D1=-67.4509,D2=-4.8489,D3=-5.44E-04,,,,,,,,,,,,,,,,,,
4902554,3348,PhaseCoef0=-2.48900E00,PhaseCoef1=1.00000E00,PhaseCoef2=0.00000E00,PhaseCoef3=0.00000E00,ConcCoef0=0.00000E00,ConcCoef1=1.00000E00,c00=2.81592E-03,c01=1.22125E-04,c02=2.29459E-06,c03=1.53208E02,c04=-2.33366E-01,c05=-3.24051E01,c06=3.06213E00,Spreset=0.0,Pcoef1=0.1,Pcoef2=0.00022,Pcoef3=0.0419,B0=-6.24523E-03,B1=-7.37614e-03,B2=-1.0341E-02,B3=-8.17083e-03,C0=-4.88682e-07,D0=24.4543,D1=-67.4509,D2=-4.8489,D3=-5.44E-04,,,,,,,,,,,,,,,,,,
4902550,3326,PhaseCoef0=-2.02700E00,PhaseCoef1=1.00000E00,PhaseCoef2=0.00000E00,PhaseCoef3=0.00000E00,ConcCoef0=0.00000E00,ConcCoef1=1.00000E00,c00=2.83814E-03,c01=1.23675E-04,c02=2.37548E-06,c03=1.78262E02,c04=-2.08772E-01,c05=-3.74321E01,c06=3.60389E00,Spreset=0.0,Pcoef1=0.1,Pcoef2=0.00022,Pcoef3=0.0419,B0=-6.24523E-03,B1=-7.37614e-03,B2=-1.0341E-02,B3=-8.17083e-03,C0=-4.88682e-07,D0=24.4543,D1=-67.4509,D2=-4.8489,D3=-5.44E-04,,,,,,,,,,,,,,,,,,
4902555,3352,PhaseCoef0=-3.03900E00,PhaseCoef1=1.00000E00,PhaseCoef2=0.00000E00,PhaseCoef3=0.00000E00,ConcCoef0=0.00000E00,ConcCoef1=1.00000E00,c00=2.78747E-03,c01=1.20634E-04,c02=2.26437E-06,c03=1.71149E02,c04=-2.70378E-01,c05=-3.51892E01,c06=3.43209E00,Spreset=0.0,Pcoef1=0.1,Pcoef2=0.00022,Pcoef3=0.0419,B0=-6.24523E-03,B1=-7.37614e-03,B2=-1.0341E-02,B3=-8.17083e-03,C0=-4.88682e-07,D0=24.4543,D1=-67.4509,D2=-4.8489,D3=-5.44E-04,,,,,,,,,,,,,,,,,,
4902583,3649,PhaseCoef0=-5.47000E-01,PhaseCoef1=1.00000E00,PhaseCoef2=0.00000E00,PhaseCoef3=0.00000E00,ConcCoef0=0.00000E00,ConcCoef1=1.00000E00,c00=2.69462E-03,c01=1.12100E-04,c02=2.31728E-06,c03=1.23597E02,c04=-1.61867E-01,c05=-2.80682E01,c06=2.49779E00,Spreset=0.0,Pcoef1=0.1,Pcoef2=0.00022,Pcoef3=0.0419,B0=-6.24523E-03,B1=-7.37614e-03,B2=-1.0341E-02,B3=-8.17083e-03,C0=-4.88682e-07,D0=24.4543,D1=-67.4509,D2=-4.8489,D3=-5.44E-04,,,,,,,,,,,,,,,,,,
4902584,3636,PhaseCoef0=-1.10400E00,PhaseCoef1=1.00000E00,PhaseCoef2=0.00000E00,PhaseCoef3=0.00000E00,ConcCoef0=0.00000E00,ConcCoef1=1.00000E00,c00=2.84886E-03,c01=1.16598E-04,c02=2.51675E-06,c03=1.02858E02,c04=-1.48651E-01,c05=-2.34106E01,c06=2.05628E00,Spreset=0.0,Pcoef1=0.1,Pcoef2=0.00022,Pcoef3=0.0419,B0=-6.24523E-03,B1=-7.37614e-03,B2=-1.0341E-02,B3=-8.17083e-03,C0=-4.88682e-07,D0=24.4543,D1=-67.4509,D2=-4.8489,D3=-5.44E-04,,,,,,,,,,,,,,,,,,
4902585,3638,PhaseCoef0=-1.80200E00,PhaseCoef1=1.00000E00,PhaseCoef2=0.00000E00,PhaseCoef3=0.00000E00,ConcCoef0=0.00000E00,ConcCoef1=1.00000E00,c00=2.76574E-03,c01=1.13826E-04,c02=2.47895E-06,c03=1.39414E02,c04=-2.14814E-01,c05=-3.18543E01,c06=2.80703E00,Spreset=0.0,Pcoef1=0.1,Pcoef2=0.00022,Pcoef3=0.0419,B0=-6.24523E-03,B1=-7.37614e-03,B2=-1.0341E-02,B3=-8.17083e-03,C0=-4.88682e-07,D0=24.4543,D1=-67.4509,D2=-4.8489,D3=-5.44E-04,,,,,,,,,,,,,,,,,,
4902586,3650,PhaseCoef0=-1.26400E00,PhaseCoef1=1.00000E00,PhaseCoef2=0.00000E00,PhaseCoef3=0.00000E00,ConcCoef0=0.00000E00,ConcCoef1=1.00000E00,c00=2.69746E-03,c01=1.13167E-04,c02=2.27953E-06,c03=1.81588E02,c04=-2.41284E-01,c05=-3.85562E01,c06=3.64615E00,Spreset=0.0,Pcoef1=0.1,Pcoef2=0.00022,Pcoef3=0.0419,B0=-6.24523E-03,B1=-7.37614e-03,B2=-1.0341E-02,B3=-8.17083e-03,C0=-4.88682e-07,D0=24.4543,D1=-67.4509,D2=-4.8489,D3=-5.44E-04,,,,,,,,,,,,,,,,,,
4902587,3634,PhaseCoef0=-1.27600E00,PhaseCoef1=1.00000E00,PhaseCoef2=0.00000E00,PhaseCoef3=0.00000E00,ConcCoef0=0.00000E00,ConcCoef1=1.00000E00,c00=2.76748E-03,c01=1.15415E-04,c02=2.42760E-06,c03=1.44616E02,c04=-2.17935E-01,c05=-3.36645E01,c06=2.91141E00,Spreset=0.0,Pcoef1=0.1,Pcoef2=0.00022,Pcoef3=0.0419,B0=-6.24523E-03,B1=-7.37614e-03,B2=-1.0341E-02,B3=-8.17083e-03,C0=-4.88682e-07,D0=24.4543,D1=-67.4509,D2=-4.8489,D3=-5.44E-04,,,,,,,,,,,,,,,,,,
4902588,3651,PhaseCoef0=-1.27200E00,PhaseCoef1=1.00000E00,PhaseCoef2=0.00000E00,PhaseCoef3=0.00000E00,ConcCoef0=0.00000E00,ConcCoef1=1.00000E00,c00=2.66730E-03,c01=1.10774E-04,c02=2.25945E-06,c03=1.54210E02,c04=-2.41487E-01,c05=-3.56912E01,c06=3.16017E00,Spreset=0.0,Pcoef1=0.1,Pcoef2=0.00022,Pcoef3=0.0419,B0=-6.24523E-03,B1=-7.37614e-03,B2=-1.0341E-02,B3=-8.17083e-03,C0=-4.88682e-07,D0=24.4543,D1=-67.4509,D2=-4.8489,D3=-5.44E-04,,,,,,,,,,,,,,,,,,
4902589,3642,PhaseCoef0=-1.64700E00,PhaseCoef1=1.00000E00,PhaseCoef2=0.00000E00,PhaseCoef3=0.00000E00,ConcCoef0=0.00000E00,ConcCoef1=1.00000E00,c00=2.84925E-03,c01=1.16989E-04,c02=2.55626E-06,c03=2.03960E02,c04=-2.76724E-01,c05=-4.43239E01,c06=4.08159E00,Spreset=0.0,Pcoef1=0.1,Pcoef2=0.00022,Pcoef3=0.0419,B0=-6.24523E-03,B1=-7.37614e-03,B2=-1.0341E-02,B3=-8.17083e-03,C0=-4.88682e-07,D0=24.4543,D1=-67.4509,D2=-4.8489,D3=-5.44E-04,,,,,,,,,,,,,,,,,,
4902576,3633,PhaseCoef0=-1.21800E00,PhaseCoef1=1.00000E00,PhaseCoef2=0.00000E00,PhaseCoef3=0.00000E00,ConcCoef0=0.00000E00,ConcCoef1=1.00000E00,c00=2.71482E-03,c01=1.12307E-04,c02=2.37837E-06,c03=1.44836E02,c04=-2.24858E-01,c05=-3.45963E01,c06=2.91620E00,Spreset=0.0,Pcoef1=0.1,Pcoef2=0.00022,Pcoef3=0.0419,B0=-6.24523E-03,B1=-7.37614e-03,B2=-1.0341E-02,B3=-8.17083e-03,C0=-4.88682e-07,D0=24.4543,D1=-67.4509,D2=-4.8489,D3=-5.44E-04,,,,,,,,,,,,,,,,,,
4902577,3637,PhaseCoef0=-1.51000E00,PhaseCoef1=1.00000E00,PhaseCoef2=0.00000E00,PhaseCoef3=0.00000E00,ConcCoef0=0.00000E00,ConcCoef1=1.00000E00,c00=2.77348E-03,c01=1.13993E-04,c02=2.46786E-06,c03=1.87299E02,c04=-2.70102E-01,c05=-4.08132E01,c06=3.76909E00,Spreset=0.0,Pcoef1=0.1,Pcoef2=0.00022,Pcoef3=0.0419,B0=-6.24523E-03,B1=-7.37614e-03,B2=-1.0341E-02,B3=-8.17083e-03,C0=-4.88682e-07,D0=24.4543,D1=-67.4509,D2=-4.8489,D3=-5.44E-04,,,,,,,,,,,,,,,,,,
4902578,3635,PhaseCoef0=0.00000E00,PhaseCoef1=1.00000E00,PhaseCoef2=0.00000E00,PhaseCoef3=0.00000E00,ConcCoef0=0.00000E00,ConcCoef1=1.00000E00,c00=2.83528E-03,c01=1.16926E-04,c02=2.43427E-06,c03=1.92569E02,c04=-2.42361E-01,c05=-4.21722E01,c06=3.86373E00,Spreset=0.0,Pcoef1=0.1,Pcoef2=0.00022,Pcoef3=0.0419,B0=-6.24523E-03,B1=-7.37614e-03,B2=-1.0341E-02,B3=-8.17083e-03,C0=-4.88682e-07,D0=24.4543,D1=-67.4509,D2=-4.8489,D3=-5.44E-04,,,,,,,,,,,,,,,,,,
4902582,3639,PhaseCoef0=6.69000E-01,PhaseCoef1=1.00000E00,PhaseCoef2=0.00000E00,PhaseCoef3=0.00000E00,ConcCoef0=0.00000E00,ConcCoef1=1.00000E00,c00=2.79071E-03,c01=1.14260E-04,c02=2.33224E-06,c03=1.35695E02,c04=-2.08301E-01,c05=-3.20633E01,c06=2.74867E00,Spreset=0.0,Pcoef1=0.1,Pcoef2=0.00022,Pcoef3=0.0419,B0=-6.24523E-03,B1=-7.37614e-03,B2=-1.0341E-02,B3=-8.17083e-03,C0=-4.88682e-07,D0=24.4543,D1=-67.4509,D2=-4.8489,D3=-5.44E-04,,,,,,,,,,,,,,,,,,
4902580,3640,PhaseCoef0=-7.81000E-01,PhaseCoef1=1.00000E00,PhaseCoef2=0.00000E00,PhaseCoef3=0.00000E00,ConcCoef0=0.00000E00,ConcCoef1=1.00000E00,c00=2.78198E-03,c01=1.13856E-04,c02=2.46392E-06,c03=1.58108E02,c04=-2.20862E-01,c05=-3.59670E01,c06=3.17553E00,Spreset=0.0,Pcoef1=0.1,Pcoef2=0.00022,Pcoef3=0.0419,B0=-6.24523E-03,B1=-7.37614e-03,B2=-1.0341E-02,B3=-8.17083e-03,C0=-4.88682e-07,D0=24.4543,D1=-67.4509,D2=-4.8489,D3=-5.44E-04,,,,,,,,,,,,,,,,,,
4902579,3641,PhaseCoef0=-1.54600E00,PhaseCoef1=1.00000E00,PhaseCoef2=0.00000E00,PhaseCoef3=0.00000E00,ConcCoef0=0.00000E00,ConcCoef1=1.00000E00,c00=2.77210E-03,c01=1.13824E-04,c02=2.49147E-06,c03=1.84198E02,c04=-2.59776E-01,c05=-4.01535E01,c06=3.71324E00,Spreset=0.0,Pcoef1=0.1,Pcoef2=0.00022,Pcoef3=0.0419,B0=-6.24523E-03,B1=-7.37614e-03,B2=-1.0341E-02,B3=-8.17083e-03,C0=-4.88682e-07,D0=24.4543,D1=-67.4509,D2=-4.8489,D3=-5.44E-04,,,,,,,,,,,,,,,,,,
4902581,3643,PhaseCoef0=-1.20800E00,PhaseCoef1=1.00000E00,PhaseCoef2=0.00000E00,PhaseCoef3=0.00000E00,ConcCoef0=0.00000E00,ConcCoef1=1.00000E00,c00=2.77541E-03,c01=1.13774E-04,c02=2.50105E-06,c03=1.85163E02,c04=-2.59832E-01,c05=-4.16858E01,c06=3.73432E00,Spreset=0.0,Pcoef1=0.1,Pcoef2=0.00022,Pcoef3=0.0419,B0=-6.24523E-03,B1=-7.37614e-03,B2=-1.0341E-02,B3=-8.17083e-03,C0=-4.88682e-07,D0=24.4543,D1=-67.4509,D2=-4.8489,D3=-5.44E-04,,,,,,,,,,,,,,,,,,
4902616,3862,PhaseCoef0=-2.99900E00,PhaseCoef1=1.00000E00,PhaseCoef2=0.00000E00,PhaseCoef3=0.00000E00,ConcCoef0=0.00000E00,ConcCoef1=1.00000E00,c00=2.71483E-03,c01=1.16285E-04,c02=2.38819E-06,c03=1.36096E02,c04=-1.59912E-01,c05=-2.99544E01,c06=2.75447E00,Spreset=0.0,Pcoef1=0.1,Pcoef2=0.00022,Pcoef3=0.0419,B0=-6.24523E-03,B1=-7.37614e-03,B2=-1.0341E-02,B3=-8.17083e-03,C0=-4.88682e-07,D0=24.4543,D1=-67.4509,D2=-4.8489,D3=-5.44E-04,,,,,,,,,,,,,,,,,,
4902612,3865,PhaseCoef0=-1.67200E00,PhaseCoef1=1.00000E00,PhaseCoef2=0.00000E00,PhaseCoef3=0.00000E00,ConcCoef0=0.00000E00,ConcCoef1=1.00000E00,c00=2.69398E-03,c01=1.16948E-04,c02=2.37571E-06,c03=1.69081E02,c04=-1.92710E-01,c05=-4.10380E01,c06=3.42359E00,Spreset=0.0,Pcoef1=0.1,Pcoef2=0.00022,Pcoef3=0.0419,B0=-6.24523E-03,B1=-7.37614e-03,B2=-1.0341E-02,B3=-8.17083e-03,C0=-4.88682e-07,D0=24.4543,D1=-67.4509,D2=-4.8489,D3=-5.44E-04,,,,,,,,,,,,,,,,,,
4902613,3867,PhaseCoef0=-2.63400E00,PhaseCoef1=1.00000E00,PhaseCoef2=0.00000E00,PhaseCoef3=0.00000E00,ConcCoef0=0.00000E00,ConcCoef1=1.00000E00,c00=2.71328E-03,c01=1.16514E-04,c02=2.38550E-06,c03=1.80722E02,c04=-2.03534E-01,c05=-3.92425E01,c06=3.65774E00,Spreset=0.0,Pcoef1=0.1,Pcoef2=0.00022,Pcoef3=0.0419,B0=-6.24523E-03,B1=-7.37614e-03,B2=-1.0341E-02,B3=-8.17083e-03,C0=-4.88682e-07,D0=24.4543,D1=-67.4509,D2=-4.8489,D3=-5.44E-04,,,,,,,,,,,,,,,,,,
4902598,3559,PhaseCoef0=-8.82000E-01,PhaseCoef1=1.00000E00,PhaseCoef2=0.00000E00,PhaseCoef3=0.00000E00,ConcCoef0=0.00000E00,ConcCoef1=1.00000E00,c00=2.79320E-03,c01=1.22276E-04,c02=2.19620E-06,c03=1.66240E02,c04=-2.26199E-01,c05=-3.75849E01,c06=3.30737E00,Spreset=0.0,Pcoef1=0.1,Pcoef2=0.00022,Pcoef3=0.0419,B0=-6.24523E-03,B1=-7.37614e-03,B2=-1.0341E-02,B3=-8.17083e-03,C0=-4.88682e-07,D0=24.4543,D1=-67.4509,D2=-4.8489,D3=-5.44E-04,SCALE_CHLA=0.0073,DARK_CHLA=48,DARK_BACKSCATTERING700=49,SCALE_BACKSCATTERING700=1.714E-06,delta=0.039,lambda=700,theta=142,khi=1.097,R=8.31446,F=96485,,
4902599,3588,PhaseCoef0=-7.36000E-01,PhaseCoef1=1.00000E00,PhaseCoef2=0.00000E00,PhaseCoef3=0.00000E00,ConcCoef0=0.00000E00,ConcCoef1=1.00000E00,c00=2.80210E-03,c01=1.23613E-04,c02=2.18974E-06,c03=1.78634E02,c04=-2.23998E-01,c05=-4.00228E01,c06=3.56774E00,Spreset=0.0,Pcoef1=0.1,Pcoef2=0.00022,Pcoef3=0.0419,B0=-6.24523E-03,B1=-7.37614e-03,B2=-1.0341E-02,B3=-8.17083e-03,C0=-4.88682e-07,D0=24.4543,D1=-67.4509,D2=-4.8489,D3=-5.44E-04,SCALE_CHLA=0.0073,DARK_CHLA=47,DARK_BACKSCATTERING700=47,SCALE_BACKSCATTERING700=1.596E-06,delta=0.039,lambda=700,theta=142,khi=1.097,R=8.31446,F=96485,,
4902620,3871,PhaseCoef0=-1.42200E00,PhaseCoef1=1.00000E00,PhaseCoef2=0.00000E00,PhaseCoef3=0.00000E00,ConcCoef0=0.00000E00,ConcCoef1=1.00000E00,c00=2.72144E-03,c01=1.16453E-04,c02=2.36264E-06,c03=2.20302E02,c04=-2.46405E-01,c05=-4.87140E01,c06=4.46380E00,Spreset=0.0,Pcoef1=0.1,Pcoef2=0.00022,Pcoef3=0.0419,B0=-6.24523E-03,B1=-7.37614e-03,B2=-1.0341E-02,B3=-8.17083e-03,C0=-4.88682e-07,D0=24.4543,D1=-67.4509,D2=-4.8489,D3=-5.44E-04,SCALE_CHLA=0.0073,DARK_CHLA=43,DARK_BACKSCATTERING700=45,SCALE_BACKSCATTERING700=1.647E-06,delta=0.039,lambda=700,theta=142,khi=1.097,R=8.31446,F=96485,,
4902623,3864,PhaseCoef0=-2.58900E00,PhaseCoef1=1.00000E00,PhaseCoef2=0.00000E00,PhaseCoef3=0.00000E00,ConcCoef0=0.00000E00,ConcCoef1=1.00000E00,c00=2.69393E-03,c01=1.15309E-04,c02=2.26905E-06,c03=2.18327E02,c04=-2.21551E-01,c05=-3.94475E01,c06=4.44042E00,Spreset=0.0,Pcoef1=0.1,Pcoef2=0.00022,Pcoef3=0.0419,B0=-6.24523E-03,B1=-7.37614e-03,B2=-1.0341E-02,B3=-8.17083e-03,C0=-4.88682e-07,D0=24.4543,D1=-67.4509,D2=-4.8489,D3=-5.44E-04,SCALE_CHLA=0.0072,DARK_CHLA=48,DARK_BACKSCATTERING700=46,SCALE_BACKSCATTERING700=1.769E-06,delta=0.039,lambda=700,theta=142,khi=1.097,R=8.31446,F=96485,,
4902626,3858,PhaseCoef0=-2.95000E-01,PhaseCoef1=1.00000E00,PhaseCoef2=0.00000E00,PhaseCoef3=0.00000E00,ConcCoef0=0.00000E00,ConcCoef1=1.00000E00,c00=2.73081E-03,c01=1.17728E-04,c02=2.25752E-06,c03=2.01599E02,c04=-2.04763E-01,c05=-4.37767E01,c06=4.07425E00,Spreset=0.0,Pcoef1=0.1,Pcoef2=0.00022,Pcoef3=0.0419,B0=-6.24523E-03,B1=-7.37614e-03,B2=-1.0341E-02,B3=-8.17083e-03,C0=-4.88682e-07,D0=24.4543,D1=-67.4509,D2=-4.8489,D3=-5.44E-04,SCALE_CHLA=0.0072,DARK_CHLA=43,DARK_BACKSCATTERING700=45,SCALE_BACKSCATTERING700=1.668E-06,delta=0.039,lambda=700,theta=142,khi=1.097,R=8.31446,F=96485,k0=-1.2952,k2=-0.00088525,f1=7.9958e-06,f2=-1.3183e-08,f3=1.359e-11,f4=-7.9369e-15,f5=2.4769e-18,f6=-3.1981e-22,,
4902628,3860,PhaseCoef0=-1.59600E00,PhaseCoef1=1.00000E00,PhaseCoef2=0.00000E00,PhaseCoef3=0.00000E00,ConcCoef0=0.00000E00,ConcCoef1=1.00000E00,c00=2.66766E-03,c01=1.14767E-04,c02=2.29391E-06,c03=2.25813E02,c04=-2.57994E-01,c05=-4.96644E01,c06=4.59244E00,Spreset=0.0,Pcoef1=0.1,Pcoef2=0.00022,Pcoef3=0.0419,B0=-6.24523E-03,B1=-7.37614e-03,B2=-1.0341E-02,B3=-8.17083e-03,C0=-4.88682e-07,D0=24.4543,D1=-67.4509,D2=-4.8489,D3=-5.44E-04,SCALE_CHLA=0.0073,DARK_CHLA=44,DARK_BACKSCATTERING700=43,SCALE_BACKSCATTERING700=1.631E-06,delta=0.039,lambda=700,theta=142,khi=1.097,R=8.31446,F=96485,k0=-1.3265,k2=-0.00079811,f1=6.2789e-06,f2=-1.0582e-08,f3=1.2058e-11,f4=-7.6426e-15,f5=2.5433e-18,f6=-3.4426e-22,,
4902596,3554,PhaseCoef0=-1.90900E00,PhaseCoef1=1.00000E00,PhaseCoef2=0.00000E00,PhaseCoef3=0.00000E00,ConcCoef0=0.00000E00,ConcCoef1=1.00000E00,c00=2.82671E-03,c01=1.23561E-04,c02=2.30534E-06,c03=3.31861E02,c04=-4.67585E-01,c05=-7.49700E01,c06=6.60841E00,Spreset=0.0,Pcoef1=0.1,Pcoef2=0.00022,Pcoef3=0.0419,B0=-6.24523E-03,B1=-7.37614e-03,B2=-1.0341E-02,B3=-8.17083e-03,C0=-4.88682e-07,D0=24.4543,D1=-67.4509,D2=-4.8489,D3=-5.44E-04,SCALE_CHLA=0.0073,DARK_CHLA=48,DARK_BACKSCATTERING700=47,SCALE_BACKSCATTERING700=1.678E-06,delta=0.039,lambda=700,theta=142,khi=1.097,R=8.31446,F=96485,,
4902597,3632,PhaseCoef0=-1.62400E00,PhaseCoef1=1.00000E00,PhaseCoef2=0.00000E00,PhaseCoef3=0.00000E00,ConcCoef0=0.00000E00,ConcCoef1=1.00000E00,c00=2.73650E-03,c01=1.14258E-04,c02=2.41159E-06,c03=1.39344E02,c04=-1.99702E-01,c05=-3.23648E01,c06=2.81103E00,Spreset=0.0,Pcoef1=0.1,Pcoef2=0.00022,Pcoef3=0.0419,B0=-6.24523E-03,B1=-7.37614e-03,B2=-1.0341E-02,B3=-8.17083e-03,C0=-4.88682e-07,D0=24.4543,D1=-67.4509,D2=-4.8489,D3=-5.44E-04,SCALE_CHLA=0.0073,DARK_CHLA=48,DARK_BACKSCATTERING700=48,SCALE_BACKSCATTERING700=1.669E-06,delta=0.039,lambda=700,theta=142,khi=1.097,R=8.31446,F=96485,,
4902633,4008,PhaseCoef0=2.60000E-01,PhaseCoef1=1.00000E00,PhaseCoef2=0.00000E00,PhaseCoef3=0.00000E00,ConcCoef0=0.00000E00,ConcCoef1=1.00000E00,c00=2.73625E-03,c01=1.14750E-04,c02=2.42571E-06,c03=1.78301E02,c04=-1.98193E-01,c05=-4.44292E01,c06=3.63997E00,Spreset=0.0,Pcoef1=0.1,Pcoef2=0.00022,Pcoef3=0.0419,B0=-6.24523E-03,B1=-7.37614e-03,B2=-1.0341E-02,B3=-8.17083e-03,C0=-4.88682e-07,D0=24.4543,D1=-67.4509,D2=-4.8489,D3=-5.44E-04,,,,,,,,,,,,,,,,,,
4902634,4098,PhaseCoef0=-2.30200E00,PhaseCoef1=1.00000E00,PhaseCoef2=0.00000E00,PhaseCoef3=0.00000E00,ConcCoef0=0.00000E00,ConcCoef1=1.00000E00,c00=2.80779E-03,c01=1.15024E-04,c02=2.53993E-06,c03=1.33745E02,c04=-2.02199E-01,c05=-2.91652E01,c06=2.70604E00,Spreset=0.0,Pcoef1=0.1,Pcoef2=0.00022,Pcoef3=0.0419,B0=-6.24523E-03,B1=-7.37614e-03,B2=-1.0341E-02,B3=-8.17083e-03,C0=-4.88682e-07,D0=24.4543,D1=-67.4509,D2=-4.8489,D3=-5.44E-04,,,,,,,,,,,,,,,,,,
4902652,3994,PhaseCoef0=0.00000E00,PhaseCoef1=1.00000E00,PhaseCoef2=0.00000E00,PhaseCoef3=0.00000E00,ConcCoef0=0.00000E00,ConcCoef1=1.00000E00,c00=2.79229E-03,c01=1.14346E-04,c02=2.66506E-06,c03=1.15665E02,c04=-1.59858E-01,c05=-3.09073E01,c06=2.33820E00,Spreset=0.0,Pcoef1=0.1,Pcoef2=0.00022,Pcoef3=0.0419,B0=-6.24523E-03,B1=-7.37614e-03,B2=-1.0341E-02,B3=-8.17083e-03,C0=-4.88682e-07,D0=24.4543,D1=-67.4509,D2=-4.8489,D3=-5.44E-04,,,,,,,,,,,,,,,,,,
4902650,3992,PhaseCoef0=2.01000E-01,PhaseCoef1=1.00000E00,PhaseCoef2=0.00000E00,PhaseCoef3=0.00000E00,ConcCoef0=0.00000E00,ConcCoef1=1.00000E00,c00=2.66064E-03,c01=1.12125E-04,c02=2.48997E-06,c03=2.16086E02,c04=-1.94362E-01,c05=-5.85024E01,c06=4.38731E00,Spreset=0.0,Pcoef1=0.1,Pcoef2=0.00022,Pcoef3=0.0419,B0=-6.24523E-03,B1=-7.37614e-03,B2=-1.0341E-02,B3=-8.17083e-03,C0=-4.88682e-07,D0=24.4543,D1=-67.4509,D2=-4.8489,D3=-5.44E-04,,,,,,,,,,,,,,,,,,
4902614,3868,PhaseCoef0=-1.84200E00,PhaseCoef1=1.00000E00,PhaseCoef2=0.00000E00,PhaseCoef3=0.00000E00,ConcCoef0=0.00000E00,ConcCoef1=1.00000E00,c00=2.73828E-03,c01=1.16953E-04,c02=2.38128E-06,c03=1.91842E02,c04=-2.08859E-01,c05=-4.16523E01,c06=3.88160E00,Spreset=0.0,Pcoef1=0.1,Pcoef2=0.00022,Pcoef3=0.0419,B0=-6.24523E-03,B1=-7.37614e-03,B2=-1.0341E-02,B3=-8.17083e-03,C0=-4.88682e-07,D0=24.4543,D1=-67.4509,D2=-4.8489,D3=-5.44E-04,,,,,,,,,,,,,,,,,,
4902635,4013,PhaseCoef0=1.86000E-01,PhaseCoef1=1.00000E00,PhaseCoef2=0.00000E00,PhaseCoef3=0.00000E00,ConcCoef0=0.00000E00,ConcCoef1=1.00000E00,c00=2.77062E-03,c01=1.17935E-04,c02=2.29628E-06,c03=1.63308E02,c04=-2.10714E-01,c05=-4.06785E01,c06=3.30189E00,Spreset=0.0,Pcoef1=0.1,Pcoef2=0.00022,Pcoef3=0.0419,B0=-6.24523E-03,B1=-7.37614e-03,B2=-1.0341E-02,B3=-8.17083e-03,C0=-4.88682e-07,D0=24.4543,D1=-67.4509,D2=-4.8489,D3=-5.44E-04,,,,,,,,,,,,,,,,,,
4902636,4094,PhaseCoef0=-1.67700E00,PhaseCoef1=1.00000E00,PhaseCoef2=0.00000E00,PhaseCoef3=0.00000E00,ConcCoef0=0.00000E00,ConcCoef1=1.00000E00,c00=2.81164E-03,c01=1.14714E-04,c02=2.59973E-06,c03=1.67551E02,c04=-2.41161E-01,c05=-3.66035E01,c06=3.39773E00,Spreset=0.0,Pcoef1=0.1,Pcoef2=0.00022,Pcoef3=0.0419,B0=-6.24523E-03,B1=-7.37614e-03,B2=-1.0341E-02,B3=-8.17083e-03,C0=-4.88682e-07,D0=24.4543,D1=-67.4509,D2=-4.8489,D3=-5.44E-04,,,,,,,,,,,,,,,,,,
4902637,4095,PhaseCoef0=-1.75300E00,PhaseCoef1=1.00000E00,PhaseCoef2=0.00000E00,PhaseCoef3=0.00000E00,ConcCoef0=0.00000E00,ConcCoef1=1.00000E00,c00=2.76654E-03,c01=1.13403E-04,c02=2.43363E-06,c03=1.24851E02,c04=-2.10416E-01,c05=-2.70355E01,c06=2.53726E00,Spreset=0.0,Pcoef1=0.1,Pcoef2=0.00022,Pcoef3=0.0419,B0=-6.24523E-03,B1=-7.37614e-03,B2=-1.0341E-02,B3=-8.17083e-03,C0=-4.88682e-07,D0=24.4543,D1=-67.4509,D2=-4.8489,D3=-5.44E-04,,,,,,,,,,,,,,,,,,
4902663,4049,PhaseCoef0=0.00000E00,PhaseCoef1=1.00000E00,PhaseCoef2=0.00000E00,PhaseCoef3=0.00000E00,ConcCoef0=0.00000E00,ConcCoef1=1.00000E00,c00=2.68981E-03,c01=1.12760E-04,c02=2.42232E-06,c03=1.35023E02,c04=-1.62224E-01,c05=-3.43915E01,c06=2.75804E00,Spreset=0.0,Pcoef1=0.1,Pcoef2=0.00022,Pcoef3=0.0419,B0=-6.24523E-03,B1=-7.37614e-03,B2=-1.0341E-02,B3=-8.17083e-03,C0=-4.88682e-07,D0=24.4543,D1=-67.4509,D2=-4.8489,D3=-5.44E-04,,,,,,,,,,,,,,,,,,
4902662,4087,PhaseCoef0=-1.65300E00,PhaseCoef1=1.00000E00,PhaseCoef2=0.00000E00,PhaseCoef3=0.00000E00,ConcCoef0=0.00000E00,ConcCoef1=1.00000E00,c00=2.76176E-03,c01=1.13517E-04,c02=2.42473E-06,c03=1.90408E02,c04=-3.07237E-01,c05=-4.08376E01,c06=3.86132E00,Spreset=0.0,Pcoef1=0.1,Pcoef2=0.00022,Pcoef3=0.0419,B0=-6.24523E-03,B1=-7.37614e-03,B2=-1.0341E-02,B3=-8.17083e-03,C0=-4.88682e-07,D0=24.4543,D1=-67.4509,D2=-4.8489,D3=-5.44E-04,,,,,,,,,,,,,,,,,,
4902600,3595,PhaseCoef0=-2.25800E00,PhaseCoef1=1.00000E00,PhaseCoef2=0.00000E00,PhaseCoef3=0.00000E00,ConcCoef0=0.00000E00,ConcCoef1=1.00000E00,c00=2.75183E-03,c01=1.21957E-04,c02=2.24241E-06,c03=1.67877E02,c04=-2.30779E-01,c05=-3.76022E01,c06=3.35345E00,Spreset=0.0,Pcoef1=0.1,Pcoef2=0.00022,Pcoef3=0.0419,B0=-6.24523E-03,B1=-7.37614e-03,B2=-1.0341E-02,B3=-8.17083e-03,C0=-4.88682e-07,D0=24.4543,D1=-67.4509,D2=-4.8489,D3=-5.44E-04,SCALE_CHLA=0.0073,DARK_CHLA=47,DARK_BACKSCATTERING700=49,SCALE_BACKSCATTERING700=1.849E-06,delta=0.039,lambda=700,theta=142,khi=1.097,R=8.31446,F=96485,,
4902627,3866,PhaseCoef0=-2.23900E00,PhaseCoef1=1.00000E00,PhaseCoef2=0.00000E00,PhaseCoef3=0.00000E00,ConcCoef0=0.00000E00,ConcCoef1=1.00000E00,c00=2.68368E-03,c01=1.15604E-04,c02=2.32689E-06,c03=1.88677E02,c04=-1.98968E-01,c05=-4.23884E01,c06=3.82456E00,Spreset=0.0,Pcoef1=0.1,Pcoef2=0.00022,Pcoef3=0.0419,B0=-6.24523E-03,B1=-7.37614e-03,B2=-1.0341E-02,B3=-8.17083e-03,C0=-4.88682e-07,D0=24.4543,D1=-67.4509,D2=-4.8489,D3=-5.44E-04,SCALE_CHLA=0.0073,DARK_CHLA=49,DARK_BACKSCATTERING700=49,SCALE_BACKSCATTERING700=1.671E-06,delta=0.039,lambda=700,theta=142,khi=1.097,R=8.31446,F=96485,k0=-1.2904,k2=-0.00089678,f1=1.0008e-05,f2=1.0783e-10,f3=-2.016e-11,f4=2.3171e-14,f5=-1.029e-17,f6=1.6427e-21,,
4902601,3630,PhaseCoef0=-2.35200E00,PhaseCoef1=1.00000E00,PhaseCoef2=0.00000E00,PhaseCoef3=0.00000E00,ConcCoef0=0.00000E00,ConcCoef1=1.00000E00,c00=2.69867E-03,c01=1.13693E-04,c02=2.20559E-06,c03=2.22456E02,c04=-3.97266E-01,c05=-4.69596E01,c06=4.47267E00,Spreset=0.0,Pcoef1=0.1,Pcoef2=0.00022,Pcoef3=0.0419,B0=-6.24523E-03,B1=-7.37614e-03,B2=-1.0341E-02,B3=-8.17083e-03,C0=-4.88682e-07,D0=24.4543,D1=-67.4509,D2=-4.8489,D3=-5.44E-04,SCALE_CHLA=0.0073,DARK_CHLA=47,DARK_BACKSCATTERING700=46,SCALE_BACKSCATTERING700=1.654E-06,delta=0.039,lambda=700,theta=142,khi=1.097,R=8.31446,F=96485,,
4902660,4087,PhaseCoef0=3.10000E-01,PhaseCoef1=1.00000E00,PhaseCoef2=0.00000E00,PhaseCoef3=0.00000E00,ConcCoef0=0.00000E00,ConcCoef1=1.00000E00,c00=2.77751E-03,c01=1.13369E-04,c02=2.60046E-06,c03=1.36045E02,c04=-1.78956E-01,c05=-3.51710E01,c06=2.78036E00,Spreset=0.0,Pcoef1=0.1,Pcoef2=0.00022,Pcoef3=0.0419,B0=-6.24523E-03,B1=-7.37614e-03,B2=-1.0341E-02,B3=-8.17083e-03,C0=-4.88682e-07,D0=24.4543,D1=-67.4509,D2=-4.8489,D3=-5.44E-04,,,,,,,,,,,,,,,,,,
4902684,4169,PhaseCoef0=-1.15900E00,PhaseCoef1=1.00000E00,PhaseCoef2=0.00000E00,PhaseCoef3=0.00000E00,ConcCoef0=0.00000E00,ConcCoef1=1.00000E00,c00=2.72424E-03,c01=1.15992E-04,c02=2.26702E-06,c03=1.19748E02,c04=-1.72297E-01,c05=-2.88570E01,c06=2.40120E00,Spreset=0.0,Pcoef1=0.1,Pcoef2=0.00022,Pcoef3=0.0419,B0=-6.24523E-03,B1=-7.37614e-03,B2=-1.0341E-02,B3=-8.17083e-03,C0=-4.88682e-07,D0=24.4543,D1=-67.4509,D2=-4.8489,D3=-5.44E-04,SCALE_CHLA=0.0072,DARK_CHLA=49,DARK_BACKSCATTERING700=50,SCALE_BACKSCATTERING700=1.619E-06,delta=0.039,lambda=700,theta=142,khi=1.097,R=8.31446,F=96485,a0_380=2148825757.1,a1_380=1.47365293877e-007,lm_380=1.161,a0_412=2147293764.1,a1_412=1.9188115193e-007,lm_412=1.368,a0_490=2147200760.7,a1_490=2.12753131753e-007,lm_490=1.365,a0_par=2147705521.3,a1_par=3.4340129179e-006,lm_par=1.359,,