wmo,cycle,last_dark_chla
4902598,0,48
4902599,0,47
4902600,0,47
4902601,0,47
6903026,0,48
6903026,4,48
6903026,5,526903026,1,52
6903026,1,526903026
6903026,2,52
6903026,2,52
6903026,1,52
6903026,1,526903026
6903026,2,52
6903026,2,52
6903026,1,52
6903026,1,526903026
6903026,2,52
6903026,2,52
6903026,1,52
6903026,1,526903026
6903026,2,52
6903026,2,52
6903026,1,52
6903026,1,526903026
6903026,2,52
6903026,2,52
6903026,1,52
6903026,1,526903026
6903026,2,52
6903026,2,52
6903026,1,52
6903026,1,526903026
6903026,2,52
6903026,2,52
