Cr_number,DOXY_SN,,,,,,,,,,,,,,,,,,,,,,,,,,,,,,,,,,,,,,,,,,,,,,,,
4900494,1456,Sref=35.0,Spreset=0,Pcoef2=0.0025,Pcoef3=0.0328,B0=-6.24523e-3,B1 = -7.37614e-3, B2 = -1.03410e-2, B3 = -8.17083e-3, C0 = -4.88682e-7,D0 = 24.4543, D1 = -67.4509, D2 = -4.8489, D3 = -5.44e-4,,,,,,,,,,,,,,,,,,,,,,,,,,,,,,,,,,,
4900497,1457,Sref=35.0,Spreset=0,Pcoef2=0.0025,Pcoef3=0.0328,B0=-6.24523e-3,B1 = -7.37614e-3, B2 = -1.03410e-2, B3 = -8.17083e-3, C0 = -4.88682e-7,D0 = 24.4543, D1 = -67.4509, D2 =-4.8489, D3 = -5.44e-4,,,,,,,,,,,,,,,,,,,,,,,,,,,,,,,,,,,
4900523,1458,Sref=35.0,Spreset=0,Pcoef2=0.0025,Pcoef3=0.0328,B0=-6.24523e-3,B1 = -7.37614e-3, B2 = -1.03410e-2, B3 = -8.17083e-3, C0 = -4.88682e-7,D0 = 24.4543, D1 = -67.4509, D2 = -4.8489, D3 = -5.44e-4,,,,,,,,,,,,,,,,,,,,,,,,,,,,,,,,,,,
4900524,1459,Sref=35.0,Spreset=0,Pcoef2=0.0025,Pcoef3=0.0328,B0=-6.24523e-3,B1 = -7.37614e-3, B2 = -1.03410e-2, B3 = -8.17083e-3, C0 = -4.88682e-7,D0 = 24.4543, D1 = -67.4509, D2 = -4.8489, D3 = -5.44e-4,,,,,,,,,,,,,,,,,,,,,,,,,,,,,,,,,,,
4900627,2139,Sref=35.0,Spreset=0,Pcoef2=0.0025,Pcoef3=0.0328,B0=-6.24523e-3,B1 = -7.37614e-3, B2 = -1.03410e-2, B3 = -8.17083e-3, C0 = -4.88682e-7,D0 = 24.4543, D1 = -67.4509, D2 =-4.8489, D3 = -5.44e-4,,,,,,,,,,,,,,,,,,,,,,,,,,,,,,,,,,,
4900637,1459-375,Sref=35.0,Spreset=0,Pcoef2=0.0025,Pcoef3=0.0328,B0=-6.24523e-3,B1 = -7.37614e-3, B2 = -1.03410e-2, B3 = -8.17083e-3, C0 = -4.88682e-7,D0 = 24.4543, D1 = -67.4509, D2 = -4.8489, D3 = -5.44e-4,,,,,,,,,,,,,,,,,,,,,,,,,,,,,,,,,,,
4900869,2800-674,Sref=35.0,Spreset=0,Pcoef2=0.0025,Pcoef3=0.0328,B0=-6.24523e-3,B1 = -7.37614e-3, B2 = -1.03410e-2, B3 = -8.17083e-3, C0 = -4.88682e-7,D0 = 24.4543, D1 = -67.4509, D2 = -4.8489, D3 = -5.44e-4,,,,,,,,,,,,,,,,,,,,,,,,,,,,,,,,,,,
4900870,2801-675,Sref=35.0,Spreset=0,Pcoef2=0.0025,Pcoef3=0.0328,B0=-6.24523e-3,B1 = -7.37614e-3, B2 = -1.03410e-2, B3 = -8.17083e-3, C0 = -4.88682e-7,D0 = 24.4543, D1 = -67.4509, D2 = -4.8489, D3 = -5.44e-4,,,,,,,,,,,,,,,,,,,,,,,,,,,,,,,,,,,
4900871,2802-668,Sref=35.0,Spreset=0,Pcoef2=0.0025,Pcoef3=0.0328,B0=-6.24523e-3,B1 = -7.37614e-3, B2 = -1.03410e-2, B3 = -8.17083e-3, C0 = -4.88682e-7,D0 = 24.4543, D1 = -67.4509, D2 = -4.8489, D3 = -5.44e-4,,,,,,,,,,,,,,,,,,,,,,,,,,,,,,,,,,,
4900872,2803-669,Sref=35.0,Spreset=0,Pcoef2=0.0025,Pcoef3=0.0328,B0=-6.24523e-3,B1 = -7.37614e-3, B2 = -1.03410e-2, B3 = -8.17083e-3, C0 = -4.88682e-7,D0 = 24.4543, D1 = -67.4509, D2 = -4.8489, D3 = -5.44e-4,,,,,,,,,,,,,,,,,,,,,,,,,,,,,,,,,,,
4900873,2804-662,Sref=35.0,Spreset=0,Pcoef2=0.0025,Pcoef3=0.0328,B0=-6.24523e-3,B1 = -7.37614e-3, B2 = -1.03410e-2, B3 = -8.17083e-3, C0 = -4.88682e-7,D0 = 24.4543, D1 = -67.4509, D2 = -4.8489, D3 = -5.44e-4,,,,,,,,,,,,,,,,,,,,,,,,,,,,,,,,,,,
4900874,2807-667,Sref=35.0,Spreset=0,Pcoef2=0.0025,Pcoef3=0.0328,B0=-6.24523e-3,B1 = -7.37614e-3, B2 = -1.03410e-2, B3 = -8.17083e-3, C0 = -4.88682e-7,D0 = 24.4543, D1 = -67.4509, D2 = -4.8489, D3 = -5.44e-4,,,,,,,,,,,,,,,,,,,,,,,,,,,,,,,,,,,
4900879,2808-673,Sref=35.0,Spreset=0,Pcoef2=0.0025,Pcoef3=0.0328,B0=-6.24523e-3,B1 = -7.37614e-3, B2 = -1.03410e-2, B3 = -8.17083e-3, C0 = -4.88682e-7,D0 = 24.4543, D1 = -67.4509, D2 = -4.8489, D3 = -5.44e-4,,,,,,,,,,,,,,,,,,,,,,,,,,,,,,,,,,,
4900880,2809-665,Sref=35.0,Spreset=0,Pcoef2=0.0025,Pcoef3=0.0328,B0=-6.24523e-3,B1 = -7.37614e-3, B2 = -1.03410e-2, B3 = -8.17083e-3, C0 = -4.88682e-7,D0 = 24.4543, D1 = -67.4509, D2 = -4.8489, D3 = -5.44e-4,,,,,,,,,,,,,,,,,,,,,,,,,,,,,,,,,,,
4900881,2811-672,Sref=35.0,Spreset=0,Pcoef2=0.0025,Pcoef3=0.0328,B0=-6.24523e-3,B1 = -7.37614e-3, B2 = -1.03410e-2, B3 = -8.17083e-3, C0 = -4.88682e-7,D0 = 24.4543, D1 = -67.4509, D2 = -4.8489, D3 = -5.44e-4,,,,,,,,,,,,,,,,,,,,,,,,,,,,,,,,,,,
4900882,2810-676,Sref=35.0,Spreset=0,Pcoef2=0.0025,Pcoef3=0.0328,B0=-6.24523e-3,B1 = -7.37614e-3, B2 = -1.03410e-2, B3 = -8.17083e-3, C0 = -4.88682e-7,D0 = 24.4543, D1 = -67.4509, D2 = -4.8489, D3 = -5.44e-4,,,,,,,,,,,,,,,,,,,,,,,,,,,,,,,,,,,
4900883,2812-507,Sref=35.0,Spreset=0,Pcoef2=0.0025,Pcoef3=0.0328,B0=-6.24523e-3,B1 = -7.37614e-3, B2 = -1.03410e-2, B3 = -8.17083e-3, C0 = -4.88682e-7,D0 = 24.4543, D1 = -67.4509, D2 = -4.8489, D3 = -5.44e-4,,,,,,,,,,,,,,,,,,,,,,,,,,,,,,,,,,,
4901134,1060,PhaseCoef0=1.262809E+00,PhaseCoef1=1.090451E+00,PhaseCoef2=0.000000E+00,PhaseCoef3=0.000000E+00,c00=5.276020E+03,c01=-1.783356E+02,c02=3.603367E+00,c03=-3.172573E-02,c10=-2.835152E+02,c11=8.539261E+00,c12=-1.707122E-01,c13=1.519272E-03,c20=6.146133E+00,c21=-1.629492E-01,c22=3.255790E-03,c23=-2.941464E-05,c30=-6.200037E-02,c31=1.436286E-03,c32=-2.908785E-05,c33=2.671883E-07,c40=2.392831E-04,c41=-4.792503E-06,c42=1.000596E-07,c43=-9.331836E-10,Sref=0.00E+00,Spreset=0.00E+00,Pcoef1=1.000000E-01,Pcoef2=2.200000E-04,Pcoef3=4.190000E-02,B0=-6.245230E-03,B1=-7.376140E-03,B2=-1.03410e-2,B3=-8.170830E-03,C0=-4.886820E-07,D0=2.445430E+01,D1=-6.745090E+01,D2=-4.8489,D3=-5.44e-4,,,,,,,,,,
4901135,1062,PhaseCoef0=1.283271E+00,PhaseCoef1=1.086662E+00,PhaseCoef2=0.000000E+00,PhaseCoef3=0.000000E+00,c00=5.276020E+03,c01=-1.783356E+02,c02=3.603367E+00,c03=-3.172573E-02,c10=-2.835152E+02,c11=8.539261E+00,c12=-1.707122E-01,c13=1.519272E-03,c20=6.146133E+00,c21=-1.629492E-01,c22=3.255790E-03,c23=-2.941464E-05,c30=-6.200037E-02,c31=1.436286E-03,c32=-2.908785E-05,c33=2.671883E-07,c40=2.392831E-04,c41=-4.792503E-06,c42=1.000596E-07,c43=-9.331836E-10,Sref=0.00E+00,Spreset=0.00E+00,Pcoef1=1.000000E-01,Pcoef2=2.200000E-04,Pcoef3=4.190000E-02,B0=-6.245230E-03,B1=-7.376140E-03,B2=-1.03410e-2,B3=-8.170830E-03,C0=-4.886820E-07,D0=2.445430E+01,D1=-6.745090E+01,D2=-4.8489,D3=-5.44e-4,,,,,,,,,,
4901136,1076,PhaseCoef0=3.004120E+00,PhaseCoef1=1.083430E+00,PhaseCoef2=0.000000E+00,PhaseCoef3=0.000000E+00,c00=5.276020E+03,c01=-1.783360E+02,c02=3.603370E+00,c03=-3.172570E-02,c10=-2.835150E+02,c11=8.539260E+00,c12=-1.707120E-01,c13=1.519270E-03,c20=6.146130E+00,c21=-1.629490E-01,c22=3.255790E-03,c23=-2.941460E-05,c30=-6.200040E-02,c31=1.436290E-03,c32=-2.908790E-05,c33=2.671880E-07,c40=2.392830E-04,c41=-4.792500E-06,c42=1.000600E-07,c43=-9.331840E-10,Sref=0.00E+00,Spreset=0.00E+00,Pcoef1=1.000000E-01,Pcoef2=2.200000E-04,Pcoef3=4.190000E-02,B0=-6.245230E-03,B1=-7.376140E-03,B2=-1.03410e-2,B3=-8.170830E-03,C0=-4.886820E-07,D0=2.445430E+01,D1=-6.745090E+01,D2=-4.8489,D3=-5.44e-4,,,,,,,,,,
4901137,1079,PhaseCoef0=4.168365E+00,PhaseCoef1=1.083413E+00,PhaseCoef2=0.000000E+00,PhaseCoef3=0.000000E+00,c00=5.276020E+03,c01=-1.783356E+02,c02=3.603367E+00,c03=-3.172573E-02,c10=-2.835152E+02,c11=8.539261E+00,c12=-1.707122E-01,c13=1.519272E-03,c20=6.146133E+00,c21=-1.629492E-01,c22=3.255790E-03,c23=-2.941464E-05,c30=-6.200037E-02,c31=1.436286E-03,c32=-2.908785E-05,c33=2.671883E-07,c40=2.392831E-04,c41=-4.792503E-06,c42=1.000596E-07,c43=-9.331836E-10,Sref=0.00E+00,Spreset=0.00E+00,Pcoef1=1.000000E-01,Pcoef2=2.200000E-04,Pcoef3=4.190000E-02,B0=-6.245230E-03,B1=-7.376140E-03,B2=-1.03410e-2,B3=-8.170830E-03,C0=-4.886820E-07,D0=2.445430E+01,D1=-6.745090E+01,D2=-4.8489,D3=-5.44e-4,,,,,,,,,,
4901139,1081,PhaseCoef0=3.684722E+00,PhaseCoef1=1.082330E+00,PhaseCoef2=0.000000E+00,PhaseCoef3=0.000000E+00,c00=5.276020E+03,c01=-1.783356E+02,c02=3.603367E+00,c03=-3.172573E-02,c10=-2.835152E+02,c11=8.539261E+00,c12=-1.707122E-01,c13=1.519272E-03,c20=6.146133E+00,c21=-1.629492E-01,c22=3.255790E-03,c23=-2.941464E-05,c30=-6.200037E-02,c31=1.436286E-03,c32=-2.908785E-05,c33=2.671883E-07,c40=2.392831E-04,c41=-4.792503E-06,c42=1.000596E-07,c43=-9.331836E-10,Sref=0.00E+00,Spreset=0.00E+00,Pcoef1=1.000000E-01,Pcoef2=2.200000E-04,Pcoef3=4.190000E-02,B0=-6.245230E-03,B1=-7.376140E-03,B2=-1.03410e-2,B3=-8.170830E-03,C0=-4.886820E-07,D0=2.445430E+01,D1=-6.745090E+01,D2=-4.8489,D3=-5.44e-4,,,,,,,,,,
4901140,1085,PhaseCoef0=1.353820E+00,PhaseCoef1=1.096276E+00,PhaseCoef2=0.000000E+00,PhaseCoef3=0.000000E+00,c00=5.276020E+03,c01=-1.783356E+02,c02=3.603367E+00,c03=-3.172573E-02,c10=-2.835152E+02,c11=8.539261E+00,c12=-1.707122E-01,c13=1.519272E-03,c20=6.146133E+00,c21=-1.629492E-01,c22=3.255790E-03,c23=-2.941464E-05,c30=-6.200037E-02,c31=1.436286E-03,c32=-2.908785E-05,c33=2.671883E-07,c40=2.392831E-04,c41=-4.792503E-06,c42=1.000596E-07,c43=-9.331836E-10,Sref=0.00E+00,Spreset=0.00E+00,Pcoef1=1.000000E-01,Pcoef2=2.200000E-04,Pcoef3=4.190000E-02,B0=-6.245230E-03,B1=-7.376140E-03,B2=-1.03410e-2,B3=-8.170830E-03,C0=-4.886820E-07,D0=2.445430E+01,D1=-6.745090E+01,D2=-4.8489,D3=-5.44e-4,,,,,,,,,,
4901141,1239,PhaseCoef0=2.506401E+00,PhaseCoef1=1.090969E+00,PhaseCoef2=0.000000E+00,PhaseCoef3=0.000000E+00,c00=5.027450E+03,c01=-1.696439E+02,c02=3.473719E+00,c03=-3.108840E-02,c10=-2.721330E+02,c11=8.196421E+00,c12=-1.680359E-01,c13=1.540629E-03,c20=5.941140E+00,c21=-1.576730E-01,c22=3.274610E-03,c23=-3.088700E-05,c30=-6.030080E-02,c31=1.398610E-03,c32=-2.988590E-05,c33=2.902090E-07,c40=2.338740E-04,c41=-4.686760E-06,c42=1.050690E-07,c43=-1.049079E-09,Sref=0.00E+00,Spreset=0.00E+00,Pcoef1=1.000000E-01,Pcoef2=2.200000E-04,Pcoef3=4.190000E-02,B0=-6.245230E-03,B1=-7.376140E-03,B2=-1.03410e-2,B3=-8.170830E-03,C0=-4.886820E-07,D0=2.445430E+01,D1=-6.745090E+01,D2=-4.8489,D3=-5.44e-4,,,,,,,,,,
4901142,1240,PhaseCoef0=1.064231E+00,PhaseCoef1=1.091973E+00,PhaseCoef2=0.000000E+00,PhaseCoef3=0.000000E+00,c00=5.027450E+03,c01=-1.696439E+02,c02=3.473719E+00,c03=-3.108840E-02,c10=-2.721330E+02,c11=8.196421E+00,c12=-1.680359E-01,c13=1.540629E-03,c20=5.941140E+00,c21=-1.576730E-01,c22=3.274610E-03,c23=-3.088700E-05,c30=-6.030080E-02,c31=1.398610E-03,c32=-2.988590E-05,c33=2.902090E-07,c40=2.338740E-04,c41=-4.686760E-06,c42=1.050690E-07,c43=-1.049079E-09,Sref=0.00E+00,Spreset=0.00E+00,Pcoef1=1.000000E-01,Pcoef2=2.200000E-04,Pcoef3=4.190000E-02,B0=-6.245230E-03,B1=-7.376140E-03,B2=-1.03410e-2,B3=-8.170830E-03,C0=-4.886820E-07,D0=2.445430E+01,D1=-6.745090E+01,D2=-4.8489,D3=-5.44e-4,,,,,,,,,,
4901779,890,A0=1.05130E+00,A1=-1.50000E-03,A2=4.98350E-01,B0=-2.23170E-01,B1=1.71010E+00,C0=8.86770E-02,C1=3.70660E-03,C2=5.24240E-05,E=1.10000E-02,Sref=0.0,Spreset=0.0,Pcoef1=0.11500,Pcoef2=0.00022,Pcoef3=0.04190,D0=24.4543,D1=-67.4509,D2=-4.8489,D3=-5.44000E-04,SolB0=-6.24523E-03,SolB1=-7.37614E-03,SolB2=-1.03410e-2,SolB3=-8.17083E-03,SolC0=4.88682E-07,,,,,,,,,,,,,,,,,,,,,,,,,
4901780,986,A0=1.05130E+00,A1=-1.50000E-03,A2=4.81210E-01,B0=-2.29050E-01,B1=1.69750E+00,C0=9.24910E-02,C1=3.85600E-03,C2=5.49030E-05,E=1.10000E-02,Sref=0.0,Spreset=0.0,Pcoef1=0.11500,Pcoef2=0.00022,Pcoef3=0.04190,D0=24.4543,D1=-67.4509,D2=-4.8489,D3=-5.44000E-04,SolB0=-6.24523E-03,SolB1=-7.37614E-03,SolB2=-1.03410e-2,SolB3=-8.17083E-03,SolC0=4.88682E-07,,,,,,,,,,,,,,,,,,,,,,,,,
4901781,968,A0=1.05130E+00,A1=-1.50000E-03,A2=4.10370E-01,B0=-2.29880E-01,B1=1.63170E+00,C0=9.99380E-02,C1=4.19490E-03,C2=5.91940E-05,E=1.10000E-02,Sref=0.0,Spreset=0.0,Pcoef1=0.11500,Pcoef2=0.00022,Pcoef3=0.04190,D0=24.4543,D1=-67.4509,D2=-4.8489,D3=-5.44000E-04,SolB0=-6.24523E-03,SolB1=-7.37614E-03,SolB2=-1.03410e-2,SolB3=-8.17083E-03,SolC0=4.88682E-07,,,,,,,,,,,,,,,,,,,,,,,,,
4901782,851,A0=1.05130E+00,A1=-1.50000E-03,A2=4.81590E-01,B0=-2.24900E-01,B1=1.69570E+00,C0=9.05830E-02,C1=3.82360E-03,C2=5.40230E-05,E=1.10000E-02,Sref=0.0,Spreset=0.0,Pcoef1=0.11500,Pcoef2=0.00022,Pcoef3=0.04190,D0=24.4543,D1=-67.4509,D2=-4.8489,D3=-5.44000E-04,SolB0=-6.24523E-03,SolB1=-7.37614E-03,SolB2=-1.03410e-2,SolB3=-8.17083E-03,SolC0=4.88682E-07,,,,,,,,,,,,,,,,,,,,,,,,,
4901784,990,A0=1.05130E+00,A1=-1.50000E-03,A2=4.35069E-01,B0=-2.31600E-01,B1=1.65080E+00,C0=9.87940E-02,C1=4.19250E-03,C2=5.59580E-05,E=1.10000E-02,Sref=0.0,Spreset=0.0,Pcoef1=0.11500,Pcoef2=0.00022,Pcoef3=0.04190,D0=24.4543,D1=-67.4509,D2=-4.8489,D3=-5.44000E-04,SolB0=-6.24523E-03,SolB1=-7.37614E-03,SolB2=-1.03410e-2,SolB3=-8.17083E-03,SolC0=4.88682E-07,,,,,,,,,,,,,,,,,,,,,,,,,
4901785,987,A0=1.05130E+00,A1=-1.50000E-03,A2=3.83880E-01,B0=-2.36030E-01,B1=1.60480E+00,C0=1.06550E-01,C1=4.51490E-03,C2=6.18440E-05,E=1.10000E-02,Sref=0.0,Spreset=0.0,Pcoef1=0.11500,Pcoef2=0.00022,Pcoef3=0.04190,D0=24.4543,D1=-67.4509,D2=-4.8489,D3=-5.44000E-04,SolB0=-6.24523E-03,SolB1=-7.37614E-03,SolB2=-1.03410e-2,SolB3=-8.17083E-03,SolC0=4.88682E-07,,,,,,,,,,,,,,,,,,,,,,,,,
4901786,989,A0=1.05130E+00,A1=-1.50000E-03,A2=2.9151e-001,B0=-2.3665e-001,B1=1.51680E+00,C0=1.20440E-01,C1=5.10410E-03,C2=7.05020E-05,E=1.10000E-02,Sref=0.0,Spreset=0.0,Pcoef1=0.11500,Pcoef2=0.00022,Pcoef3=0.04190,D0=24.4543,D1=-67.4509,D2=-4.8489,D3=-5.44000E-04,SolB0=-6.24523E-03,SolB1=-7.37614E-03,SolB2=-1.03410e-2,SolB3=-8.17083E-03,SolC0=4.88682E-07,,,,,,,,,,,,,,,,,,,,,,,,,
4901790,994,A0=1.05130E+00,A1=-1.50000E-03,A2=4.38700E-01,B0=-2.34930E-01,B1=1.69750E+00,C0=9.90720E-02,C1=4.20140E-03,C2=5.64720E-05,E=1.10000E-02,Sref=0.0,Spreset=0.0,Pcoef1=0.11500,Pcoef2=0.00022,Pcoef3=0.04190,D0=24.4543,D1=-67.4509,D2=-4.8489,D3=-5.44000E-04,SolB0=-6.24523E-03,SolB1=-7.37614E-03,SolB2=-1.03410e-2,SolB3=-8.17083E-03,SolC0=4.88682E-07,,,,,,,,,,,,,,,,,,,,,,,,,
4901791,992,A0=1.05130E+00,A1=-1.50000E-03,A2=4.27420E-01,B0=-2.22020E-01,B1=1.63890E+00,C0=9.61150E-02,C1=4.07950E-03,C2=5.64390E-05,E=1.10000E-02,Sref=0.0,Spreset=0.0,Pcoef1=0.11500,Pcoef2=0.00022,Pcoef3=0.04190,D0=24.4543,D1=-67.4509,D2=-4.8489,D3=-5.44000E-04,SolB0=-6.24523E-03,SolB1=-7.37614E-03,SolB2=-1.03410e-2,SolB3=-8.17083E-03,SolC0=4.88682E-07,,,,,,,,,,,,,,,,,,,,,,,,,
4901808,1128,A0=1.05130E+00,A1=-1.50000E-03,A2=3.91280E-01,B0=-2.14800E-01,B1=1.60200E+00,C0=1.03040E-01,C1=4.34710E-03,C2=5.72480E-05,E=1.10000E-02,Sref=0.0,Spreset=0.0,Pcoef1=0.11500,Pcoef2=0.00022,Pcoef3=0.04190,D0=24.4543,D1=-67.4509,D2=-4.8489,D3=-5.44000E-04,SolB0=-6.24523E-03,SolB1=-7.37614E-03,SolB2=-1.03410e-2,SolB3=-8.17083E-03,SolC0=4.88682E-07,,,,,,,,,,,,,,,,,,,,,,,,,
4902383,1252,A0=1.05130E+00,A1=-1.50000E-03,A2=4.53360E-01,B0=-2.33970E-01,B1=1.67440E+00,C0=9.54250E-02,C1=4.03950E-03,C2=5.41780E-05,E=1.10000E-02,Sref=0.0,Spreset=0.0,Pcoef1=0.11500,Pcoef2=0.00022,Pcoef3=0.04190,D0=24.4543,D1=-67.4509,D2=-4.8489,D3=-5.44000E-04,SolB0=-6.24523E-03,SolB1=-7.37614E-03,SolB2=-1.03410e-2,SolB3=-8.17083E-03,SolC0=4.88682E-07,,,,,,,,,,,,,,,,,,,,,,,,,
4902384,1134,A0=1.05130E+00,A1=-1.50000E-03,A2=4.07590E-01,B0=-2.21570E-01,B1=1.62130E+00,C0=1.01210E-02,C1=4.27290E-03,C2=5.72360E-05,E=1.10000E-02,Sref=0.0,Spreset=0.0,Pcoef1=0.11500,Pcoef2=0.00022,Pcoef3=0.04190,D0=24.4543,D1=-67.4509,D2=-4.8489,D3=-5.44000E-04,SolB0=-6.24523E-03,SolB1=-7.37614E-03,SolB2=-1.03410e-2,SolB3=-8.17083E-03,SolC0=4.88682E-07,,,,,,,,,,,,,,,,,,,,,,,,,
4902385,1135,A0=1.05130E+00,A1=-1.50000E-03,A2=4.79150E-01,B0=-2.10160E-01,B1=1.68080E+00,C0=9.11690E-02,C1=3.84410E-03,C2=4.96280E-05,E=1.10000E-02,Sref=0.0,Spreset=0.0,Pcoef1=0.11500,Pcoef2=0.00022,Pcoef3=0.04190,D0=24.4543,D1=-67.4509,D2=-4.8489,D3=-5.44000E-04,SolB0=-6.24523E-03,SolB1=-7.37614E-03,SolB2=-1.03410e-2,SolB3=-8.17083E-03,SolC0=4.88682E-07,,,,,,,,,,,,,,,,,,,,,,,,,
4902386,1246,A0=1.05130E+00,A1=-1.50000E-03,A2=4.76220E-01,B0=-2.23340E-01,B1=1.68910E+00,C0=9.13750E-02,C1=3.86450E-03,C2=5.11190E-05,E=1.10000E-02,Sref=0.0,Spreset=0.0,Pcoef1=0.11500,Pcoef2=0.00022,Pcoef3=0.04190,D0=24.4543,D1=-67.4509,D2=-4.8489,D3=-5.44000E-04,SolB0=-6.24523E-03,SolB1=-7.37614E-03,SolB2=-1.03410e-2,SolB3=-8.17083E-03,SolC0=4.88682E-07,,,,,,,,,,,,,,,,,,,,,,,,,
4902414,1420,A0=1.05130E+00,A1=-1.50000E-03,A2=5.0533e-001,B0=-1.9485e-001,B1=1.6956e+00,C0=8.5696e-002,C1=3.5631e-003,C2=4.5915e-005,E=1.10000E-02,Sref=0.0,Spreset=0.0,Pcoef1=0.11500,Pcoef2=0.00022,Pcoef3=0.04190,D0=24.4543,D1=-67.4509,D2=-4.8489,D3=-5.44000E-04,SolB0=-6.24523E-03,SolB1=-7.37614E-03,SolB2=-1.03410e-2,SolB3=-8.17083E-03,SolC0=4.88682E-07,,,,,,,,,,,,,,,,,,,,,,,,,
4902390,1395,A0=1.05130E+00,A1=-1.50000E-03,A2=4.1073E-01,B0=-2.3762E-001,B1=1.6365E+00,C0=9.9772E-002, C1=4.2379E-003,C2=5.9039E-005,E=1.1000E-002,Sref=0.0,Spreset=0.0,Pcoef1=0.11500,Pcoef2=0.00022,Pcoef3=0.04190,D0=24.4543,D1=-67.4509,D2=-4.8489,D3=-5.44000E-04,SolB0=-6.24523E-03,SolB1=-7.37614E-03,SolB2=-1.03410e-2,SolB3=-8.17083E-03,SolC0=4.88682E-07,,,,,,,,,,,,,,,,,,,,,,,,,
4902409,1385,A0=1.05130E+00,A1=-1.50000E-03,A2= 3.9444E-001,B0=-2.1690E-001,B1=1.6063E+00,C0=1.0164E-001, C1=4.2662E-003,C2=5.7356E-005,E=1.1000E-002,Sref=0.0,Spreset=0.0,Pcoef1=0.11500,Pcoef2=0.00022,Pcoef3=0.04190,D0=24.4543,D1=-67.4509,D2=-4.8489,D3=-5.44000E-04,SolB0=-6.24523E-03,SolB1=-7.37614E-03,SolB2=-1.03410e-2,SolB3=-8.17083E-03,SolC0=4.88682E-07,,,,,,,,,,,,,,,,,,,,,,,,,
4902410,1419,A0=1.05130E+00,A1=-1.50000E-03,A2= 3.9090E-001,B0=-2.2689E-001,B1=1.6121E+00,C0=1.0142E-001, C1=4.2821E-003,C2=5.9162E-005,E=1.1000E-002,Sref=0.0,Spreset=0.0,Pcoef1=0.11500,Pcoef2=0.00022,Pcoef3=0.04190,D0=24.4543,D1=-67.4509,D2=-4.8489,D3=-5.44000E-04,SolB0=-6.24523E-03,SolB1=-7.37614E-03,SolB2=-1.03410e-2,SolB3=-8.17083E-03,SolC0=4.88682E-07,,,,,,,,,,,,,,,,,,,,,,,,,
4902416,1435,A0=1.05130E+00,A1=-1.50000E-03,A2= 3.3277E-001,B0=-2.1138E-001,B1=1.5404E+00,C0=1.0672E-001, C1=4.4107E-003,C2=6.3028E-005,E=1.1000E-002,Sref=0.0,Spreset=0.0,Pcoef1=0.11500,Pcoef2=0.00022,Pcoef3=0.04190,D0=24.4543,D1=-67.4509,D2=-4.8489,D3=-5.44000E-04,SolB0=-6.24523E-03,SolB1=-7.37614E-03,SolB2=-1.03410e-2,SolB3=-8.17083E-03,SolC0=4.88682E-07,,,,,,,,,,,,,,,,,,,,,,,,,
4902480,3123,PhaseCoef0=-2.17500E00,PhaseCoef1=1.00000E00,PhaseCoef2=0.00000E00,PhaseCoef3=0.00000E00,ConcCoef0=0.00000E00,ConcCoef1=1.00000E00,c00=2.78521E-03,c01=1.23297E-04,c02=2.30093E-06,c03=4.51404E02,c04=-5.79445E-01,c05=-9.91449E01,c06=9.03881E00,Spreset=0.0,Pcoef1=0.1,Pcoef2=0.00022,Pcoef3=0.0419,B0=-6.24523E-03,B1=-7.37614e-03,B2=-1.0341E-02,B3=-8.17083e-03,C0=-4.88682e-07,D0=24.4543,D1=-67.4509,D2=-4.8489,D3=-5.44E-04,,,,,,,,,,,,,,,,,,,,,,
4902481,3124,PhaseCoef0=-1.84900E00,PhaseCoef1=1.00000E00,PhaseCoef2=0.00000E00,PhaseCoef3=0.00000E00,ConcCoef0=0.00000E00,ConcCoef1=1.00000E00,c00=2.74913E-03,c01=1.21343E-04,c02=2.22187E-06,c03=2.17390E02,c04=-3.14270E-01,c05=-4.75586E01,c06=4.37026E00,Spreset=0.0,Pcoef1=0.1,Pcoef2=0.00022,Pcoef3=0.0419,B0=-6.24523E-03,B1=-7.37614e-03,B2=-1.0341E-02,B3=-8.17083e-03,C0=-4.88682e-07,D0=24.4543,D1=-67.4509,D2=-4.8489,D3=-5.44E-04,,,,,,,,,,,,,,,,,,,,,,
4902549,3257,PhaseCoef0=-3.26400E00,PhaseCoef1=1.00000E00,PhaseCoef2=0.00000E00,PhaseCoef3=0.00000E00,ConcCoef0=0.00000E00,ConcCoef1=1.00000E00,c00=2.61321E-03,c01=1.15769E-04,c02=2.2534E-06,c03=1.93223E02,c04=-2.27400E-01,c05=-4.08895E01,c06=3.97899E00,Spreset=0.0,Pcoef1=0.1,Pcoef2=0.00022,Pcoef3=0.0419,B0=-6.24523E-03,B1=-7.37614e-03,B2=-1.0341E-02,B3=-8.17083e-03,C0=-4.88682e-07,D0=24.4543,D1=-67.4509,D2=-4.8489,D3=-5.44E-04,,,,,,,,,,,,,,,,,,,,,,
4902551,3354,PhaseCoef0=-2.12400E00,PhaseCoef1=1.00000E00,PhaseCoef2=0.00000E00,PhaseCoef3=0.00000E00,ConcCoef0=0.00000E00,ConcCoef1=1.00000E00,c00=2.82334E-03,c01=1.22839E-04,c02=2.21180E-06,c03=1.87823E02,c04=-2.73420E-01,c05=-3.81115E01,c06=3.75057E00,Spreset=0.0,Pcoef1=0.1,Pcoef2=0.00022,Pcoef3=0.0419,B0=-6.24523E-03,B1=-7.37614e-03,B2=-1.0341E-02,B3=-8.17083e-03,C0=-4.88682e-07,D0=24.4543,D1=-67.4509,D2=-4.8489,D3=-5.44E-04,,,,,,,,,,,,,,,,,,,,,,
4902552,3259,PhaseCoef0=-1.88800E00,PhaseCoef1=1.00000E00,PhaseCoef2=0.00000E00,PhaseCoef3=0.00000E00,ConcCoef0=0.00000E00,ConcCoef1=1.00000E00,c00=2.69695E-03,c01=1.17353E-04,c02=2.25124E-06,c03=1.86221E02,c04=-2.19175E-01,c05=-3.88006E01,c06=3.79021E00,Spreset=0.0,Pcoef1=0.1,Pcoef2=0.00022,Pcoef3=0.0419,B0=-6.24523E-03,B1=-7.37614e-03,B2=-1.0341E-02,B3=-8.17083e-03,C0=-4.88682e-07,D0=24.4543,D1=-67.4509,D2=-4.8489,D3=-5.44E-04,,,,,,,,,,,,,,,,,,,,,,
4902553,3258,PhaseCoef0=-2.98400E00,PhaseCoef1=1.00000E00,PhaseCoef2=0.00000E00,PhaseCoef3=0.00000E00,ConcCoef0=0.00000E00,ConcCoef1=1.00000E00,c00=2.67053E-03,c01=1.16993E-04,c02=2.27297E-06,c03=2.30819E02,c04=-3.30158E-01,c05=-5.01267E01,c06=4.72142E00,Spreset=0.0,Pcoef1=0.1,Pcoef2=0.00022,Pcoef3=0.0419,B0=-6.24523E-03,B1=-7.37614e-03,B2=-1.0341E-02,B3=-8.17083e-03,C0=-4.88682e-07,D0=24.4543,D1=-67.4509,D2=-4.8489,D3=-5.44E-04,,,,,,,,,,,,,,,,,,,,,,
4902554,3348,PhaseCoef0=-2.48900E00,PhaseCoef1=1.00000E00,PhaseCoef2=0.00000E00,PhaseCoef3=0.00000E00,ConcCoef0=0.00000E00,ConcCoef1=1.00000E00,c00=2.81592E-03,c01=1.22125E-04,c02=2.29459E-06,c03=1.53208E02,c04=-2.33366E-01,c05=-3.24051E01,c06=3.06213E00,Spreset=0.0,Pcoef1=0.1,Pcoef2=0.00022,Pcoef3=0.0419,B0=-6.24523E-03,B1=-7.37614e-03,B2=-1.0341E-02,B3=-8.17083e-03,C0=-4.88682e-07,D0=24.4543,D1=-67.4509,D2=-4.8489,D3=-5.44E-04,,,,,,,,,,,,,,,,,,,,,,
4902550,3326,PhaseCoef0=-2.02700E00,PhaseCoef1=1.00000E00,PhaseCoef2=0.00000E00,PhaseCoef3=0.00000E00,ConcCoef0=0.00000E00,ConcCoef1=1.00000E00,c00=2.83814E-03,c01=1.23675E-04,c02=2.37548E-06,c03=1.78262E02,c04=-2.08772E-01,c05=-3.74321E01,c06=3.60389E00,Spreset=0.0,Pcoef1=0.1,Pcoef2=0.00022,Pcoef3=0.0419,B0=-6.24523E-03,B1=-7.37614e-03,B2=-1.0341E-02,B3=-8.17083e-03,C0=-4.88682e-07,D0=24.4543,D1=-67.4509,D2=-4.8489,D3=-5.44E-04,,,,,,,,,,,,,,,,,,,,,,
4902555,3352,PhaseCoef0=-3.03900E00,PhaseCoef1=1.00000E00,PhaseCoef2=0.00000E00,PhaseCoef3=0.00000E00,ConcCoef0=0.00000E00,ConcCoef1=1.00000E00,c00=2.78747E-03,c01=1.20634E-04,c02=2.26437E-06,c03=1.71149E02,c04=-2.70378E-01,c05=-3.51892E01,c06=3.43209E00,Spreset=0.0,Pcoef1=0.1,Pcoef2=0.00022,Pcoef3=0.0419,B0=-6.24523E-03,B1=-7.37614e-03,B2=-1.0341E-02,B3=-8.17083e-03,C0=-4.88682e-07,D0=24.4543,D1=-67.4509,D2=-4.8489,D3=-5.44E-04,,,,,,,,,,,,,,,,,,,,,,
4902583,3649,PhaseCoef0=-5.47000E-01,PhaseCoef1=1.00000E00,PhaseCoef2=0.00000E00,PhaseCoef3=0.00000E00,ConcCoef0=0.00000E00,ConcCoef1=1.00000E00,c00=2.69462E-03,c01=1.12100E-04,c02=2.31728E-06,c03=1.23597E02,c04=-1.61867E-01,c05=-2.80682E01,c06=2.49779E00,Spreset=0.0,Pcoef1=0.1,Pcoef2=0.00022,Pcoef3=0.0419,B0=-6.24523E-03,B1=-7.37614e-03,B2=-1.0341E-02,B3=-8.17083e-03,C0=-4.88682e-07,D0=24.4543,D1=-67.4509,D2=-4.8489,D3=-5.44E-04,,,,,,,,,,,,,,,,,,,,,,
4902584,3636,PhaseCoef0=-1.10400E00,PhaseCoef1=1.00000E00,PhaseCoef2=0.00000E00,PhaseCoef3=0.00000E00,ConcCoef0=0.00000E00,ConcCoef1=1.00000E00,c00=2.84886E-03,c01=1.16598E-04,c02=2.51675E-06,c03=1.02858E02,c04=-1.48651E-01,c05=-2.34106E01,c06=2.05628E00,Spreset=0.0,Pcoef1=0.1,Pcoef2=0.00022,Pcoef3=0.0419,B0=-6.24523E-03,B1=-7.37614e-03,B2=-1.0341E-02,B3=-8.17083e-03,C0=-4.88682e-07,D0=24.4543,D1=-67.4509,D2=-4.8489,D3=-5.44E-04,,,,,,,,,,,,,,,,,,,,,,
4902585,3638,PhaseCoef0=-1.80200E00,PhaseCoef1=1.00000E00,PhaseCoef2=0.00000E00,PhaseCoef3=0.00000E00,ConcCoef0=0.00000E00,ConcCoef1=1.00000E00,c00=2.76574E-03,c01=1.13826E-04,c02=2.47895E-06,c03=1.39414E02,c04=-2.14814E-01,c05=-3.18543E01,c06=2.80703E00,Spreset=0.0,Pcoef1=0.1,Pcoef2=0.00022,Pcoef3=0.0419,B0=-6.24523E-03,B1=-7.37614e-03,B2=-1.0341E-02,B3=-8.17083e-03,C0=-4.88682e-07,D0=24.4543,D1=-67.4509,D2=-4.8489,D3=-5.44E-04,,,,,,,,,,,,,,,,,,,,,,
4902586,3650,PhaseCoef0=-1.26400E00,PhaseCoef1=1.00000E00,PhaseCoef2=0.00000E00,PhaseCoef3=0.00000E00,ConcCoef0=0.00000E00,ConcCoef1=1.00000E00,c00=2.69746E-03,c01=1.13167E-04,c02=2.27953E-06,c03=1.81588E02,c04=-2.41284E-01,c05=-3.85562E01,c06=3.64615E00,Spreset=0.0,Pcoef1=0.1,Pcoef2=0.00022,Pcoef3=0.0419,B0=-6.24523E-03,B1=-7.37614e-03,B2=-1.0341E-02,B3=-8.17083e-03,C0=-4.88682e-07,D0=24.4543,D1=-67.4509,D2=-4.8489,D3=-5.44E-04,,,,,,,,,,,,,,,,,,,,,,
4902587,3634,PhaseCoef0=-1.27600E00,PhaseCoef1=1.00000E00,PhaseCoef2=0.00000E00,PhaseCoef3=0.00000E00,ConcCoef0=0.00000E00,ConcCoef1=1.00000E00,c00=2.76748E-03,c01=1.15415E-04,c02=2.42760E-06,c03=1.44616E02,c04=-2.17935E-01,c05=-3.36645E01,c06=2.91141E00,Spreset=0.0,Pcoef1=0.1,Pcoef2=0.00022,Pcoef3=0.0419,B0=-6.24523E-03,B1=-7.37614e-03,B2=-1.0341E-02,B3=-8.17083e-03,C0=-4.88682e-07,D0=24.4543,D1=-67.4509,D2=-4.8489,D3=-5.44E-04,,,,,,,,,,,,,,,,,,,,,,
4902588,3651,PhaseCoef0=-1.27200E00,PhaseCoef1=1.00000E00,PhaseCoef2=0.00000E00,PhaseCoef3=0.00000E00,ConcCoef0=0.00000E00,ConcCoef1=1.00000E00,c00=2.66730E-03,c01=1.10774E-04,c02=2.25945E-06,c03=1.54210E02,c04=-2.41487E-01,c05=-3.56912E01,c06=3.16017E00,Spreset=0.0,Pcoef1=0.1,Pcoef2=0.00022,Pcoef3=0.0419,B0=-6.24523E-03,B1=-7.37614e-03,B2=-1.0341E-02,B3=-8.17083e-03,C0=-4.88682e-07,D0=24.4543,D1=-67.4509,D2=-4.8489,D3=-5.44E-04,,,,,,,,,,,,,,,,,,,,,,
4902589,3642,PhaseCoef0=-1.64700E00,PhaseCoef1=1.00000E00,PhaseCoef2=0.00000E00,PhaseCoef3=0.00000E00,ConcCoef0=0.00000E00,ConcCoef1=1.00000E00,c00=2.84925E-03,c01=1.16989E-04,c02=2.55626E-06,c03=2.03960E02,c04=-2.76724E-01,c05=-4.43239E01,c06=4.08159E00,Spreset=0.0,Pcoef1=0.1,Pcoef2=0.00022,Pcoef3=0.0419,B0=-6.24523E-03,B1=-7.37614e-03,B2=-1.0341E-02,B3=-8.17083e-03,C0=-4.88682e-07,D0=24.4543,D1=-67.4509,D2=-4.8489,D3=-5.44E-04,,,,,,,,,,,,,,,,,,,,,,
4902576,3633,PhaseCoef0=-1.21800E00,PhaseCoef1=1.00000E00,PhaseCoef2=0.00000E00,PhaseCoef3=0.00000E00,ConcCoef0=0.00000E00,ConcCoef1=1.00000E00,c00=2.71482E-03,c01=1.12307E-04,c02=2.37837E-06,c03=1.44836E02,c04=-2.24858E-01,c05=-3.45963E01,c06=2.91620E00,Spreset=0.0,Pcoef1=0.1,Pcoef2=0.00022,Pcoef3=0.0419,B0=-6.24523E-03,B1=-7.37614e-03,B2=-1.0341E-02,B3=-8.17083e-03,C0=-4.88682e-07,D0=24.4543,D1=-67.4509,D2=-4.8489,D3=-5.44E-04,,,,,,,,,,,,,,,,,,,,,,
4902577,3637,PhaseCoef0=-1.51000E00,PhaseCoef1=1.00000E00,PhaseCoef2=0.00000E00,PhaseCoef3=0.00000E00,ConcCoef0=0.00000E00,ConcCoef1=1.00000E00,c00=2.77348E-03,c01=1.13993E-04,c02=2.46786E-06,c03=1.87299E02,c04=-2.70102E-01,c05=-4.08132E01,c06=3.76909E00,Spreset=0.0,Pcoef1=0.1,Pcoef2=0.00022,Pcoef3=0.0419,B0=-6.24523E-03,B1=-7.37614e-03,B2=-1.0341E-02,B3=-8.17083e-03,C0=-4.88682e-07,D0=24.4543,D1=-67.4509,D2=-4.8489,D3=-5.44E-04,,,,,,,,,,,,,,,,,,,,,,
4902578,3635,PhaseCoef0=0.00000E00,PhaseCoef1=1.00000E00,PhaseCoef2=0.00000E00,PhaseCoef3=0.00000E00,ConcCoef0=0.00000E00,ConcCoef1=1.00000E00,c00=2.83528E-03,c01=1.16926E-04,c02=2.43427E-06,c03=1.92569E02,c04=-2.42361E-01,c05=-4.21722E01,c06=3.86373E00,Spreset=0.0,Pcoef1=0.1,Pcoef2=0.00022,Pcoef3=0.0419,B0=-6.24523E-03,B1=-7.37614e-03,B2=-1.0341E-02,B3=-8.17083e-03,C0=-4.88682e-07,D0=24.4543,D1=-67.4509,D2=-4.8489,D3=-5.44E-04,,,,,,,,,,,,,,,,,,,,,,
4902582,3639,PhaseCoef0=6.69000E-01,PhaseCoef1=1.00000E00,PhaseCoef2=0.00000E00,PhaseCoef3=0.00000E00,ConcCoef0=0.00000E00,ConcCoef1=1.00000E00,c00=2.79071E-03,c01=1.14260E-04,c02=2.33224E-06,c03=1.35695E02,c04=-2.08301E-01,c05=-3.20633E01,c06=2.74867E00,Spreset=0.0,Pcoef1=0.1,Pcoef2=0.00022,Pcoef3=0.0419,B0=-6.24523E-03,B1=-7.37614e-03,B2=-1.0341E-02,B3=-8.17083e-03,C0=-4.88682e-07,D0=24.4543,D1=-67.4509,D2=-4.8489,D3=-5.44E-04,,,,,,,,,,,,,,,,,,,,,,
4902580,3640,PhaseCoef0=-7.81000E-01,PhaseCoef1=1.00000E00,PhaseCoef2=0.00000E00,PhaseCoef3=0.00000E00,ConcCoef0=0.00000E00,ConcCoef1=1.00000E00,c00=2.78198E-03,c01=1.13856E-04,c02=2.46392E-06,c03=1.58108E02,c04=-2.20862E-01,c05=-3.59670E01,c06=3.17553E00,Spreset=0.0,Pcoef1=0.1,Pcoef2=0.00022,Pcoef3=0.0419,B0=-6.24523E-03,B1=-7.37614e-03,B2=-1.0341E-02,B3=-8.17083e-03,C0=-4.88682e-07,D0=24.4543,D1=-67.4509,D2=-4.8489,D3=-5.44E-04,,,,,,,,,,,,,,,,,,,,,,
4902579,3641,PhaseCoef0=-1.54600E00,PhaseCoef1=1.00000E00,PhaseCoef2=0.00000E00,PhaseCoef3=0.00000E00,ConcCoef0=0.00000E00,ConcCoef1=1.00000E00,c00=2.77210E-03,c01=1.13824E-04,c02=2.49147E-06,c03=1.84198E02,c04=-2.59776E-01,c05=-4.01535E01,c06=3.71324E00,Spreset=0.0,Pcoef1=0.1,Pcoef2=0.00022,Pcoef3=0.0419,B0=-6.24523E-03,B1=-7.37614e-03,B2=-1.0341E-02,B3=-8.17083e-03,C0=-4.88682e-07,D0=24.4543,D1=-67.4509,D2=-4.8489,D3=-5.44E-04,,,,,,,,,,,,,,,,,,,,,,
4902581,3643,PhaseCoef0=-1.20800E00,PhaseCoef1=1.00000E00,PhaseCoef2=0.00000E00,PhaseCoef3=0.00000E00,ConcCoef0=0.00000E00,ConcCoef1=1.00000E00,c00=2.77541E-03,c01=1.13774E-04,c02=2.50105E-06,c03=1.85163E02,c04=-2.59832E-01,c05=-4.16858E01,c06=3.73432E00,Spreset=0.0,Pcoef1=0.1,Pcoef2=0.00022,Pcoef3=0.0419,B0=-6.24523E-03,B1=-7.37614e-03,B2=-1.0341E-02,B3=-8.17083e-03,C0=-4.88682e-07,D0=24.4543,D1=-67.4509,D2=-4.8489,D3=-5.44E-04,,,,,,,,,,,,,,,,,,,,,,
4902616,3862,PhaseCoef0=-2.99900E00,PhaseCoef1=1.00000E00,PhaseCoef2=0.00000E00,PhaseCoef3=0.00000E00,ConcCoef0=0.00000E00,ConcCoef1=1.00000E00,c00=2.71483E-03,c01=1.16285E-04,c02=2.38819E-06,c03=1.36096E02,c04=-1.59912E-01,c05=-2.99544E01,c06=2.75447E00,Spreset=0.0,Pcoef1=0.1,Pcoef2=0.00022,Pcoef3=0.0419,B0=-6.24523E-03,B1=-7.37614e-03,B2=-1.0341E-02,B3=-8.17083e-03,C0=-4.88682e-07,D0=24.4543,D1=-67.4509,D2=-4.8489,D3=-5.44E-04,,,,,,,,,,,,,,,,,,,,,,
4902612,3865,PhaseCoef0=-1.67200E00,PhaseCoef1=1.00000E00,PhaseCoef2=0.00000E00,PhaseCoef3=0.00000E00,ConcCoef0=0.00000E00,ConcCoef1=1.00000E00,c00=2.69398E-03,c01=1.16948E-04,c02=2.37571E-06,c03=1.69081E02,c04=-1.92710E-01,c05=-4.10380E01,c06=3.42359E00,Spreset=0.0,Pcoef1=0.1,Pcoef2=0.00022,Pcoef3=0.0419,B0=-6.24523E-03,B1=-7.37614e-03,B2=-1.0341E-02,B3=-8.17083e-03,C0=-4.88682e-07,D0=24.4543,D1=-67.4509,D2=-4.8489,D3=-5.44E-04,,,,,,,,,,,,,,,,,,,,,,
4902613,3867,PhaseCoef0=-2.63400E00,PhaseCoef1=1.00000E00,PhaseCoef2=0.00000E00,PhaseCoef3=0.00000E00,ConcCoef0=0.00000E00,ConcCoef1=1.00000E00,c00=2.71328E-03,c01=1.16514E-04,c02=2.38550E-06,c03=1.80722E02,c04=-2.03534E-01,c05=-3.92425E01,c06=3.65774E00,Spreset=0.0,Pcoef1=0.1,Pcoef2=0.00022,Pcoef3=0.0419,B0=-6.24523E-03,B1=-7.37614e-03,B2=-1.0341E-02,B3=-8.17083e-03,C0=-4.88682e-07,D0=24.4543,D1=-67.4509,D2=-4.8489,D3=-5.44E-04,,,,,,,,,,,,,,,,,,,,,,
4902598,3559,PhaseCoef0=-8.82000E-01,PhaseCoef1=1.00000E00,PhaseCoef2=0.00000E00,PhaseCoef3=0.00000E00,ConcCoef0=0.00000E00,ConcCoef1=1.00000E00,c00=2.79320E-03,c01=1.22276E-04,c02=2.19620E-06,c03=1.66240E02,c04=-2.26199E-01,c05=-3.75849E01,c06=3.30737E00,Spreset=0.0,Pcoef1=0.1,Pcoef2=0.00022,Pcoef3=0.0419,B0=-6.24523E-03,B1=-7.37614e-03,B2=-1.0341E-02,B3=-8.17083e-03,C0=-4.88682e-07,D0=24.4543,D1=-67.4509,D2=-4.8489,D3=-5.44E-04,SCALE_CHLA=0.0073,DARK_CHLA=48,DARK_BACKSCATTERING700=49,SCALE_BACKSCATTERING700=1.714E-06,delta=0.039,lambda=700,theta=142,khi=1.097,R=8.31446,F=96485,,,,,,,,,,,,
4902599,3588,PhaseCoef0=-7.36000E-01,PhaseCoef1=1.00000E00,PhaseCoef2=0.00000E00,PhaseCoef3=0.00000E00,ConcCoef0=0.00000E00,ConcCoef1=1.00000E00,c00=2.80210E-03,c01=1.23613E-04,c02=2.18974E-06,c03=1.78634E02,c04=-2.23998E-01,c05=-4.00228E01,c06=3.56774E00,Spreset=0.0,Pcoef1=0.1,Pcoef2=0.00022,Pcoef3=0.0419,B0=-6.24523E-03,B1=-7.37614e-03,B2=-1.0341E-02,B3=-8.17083e-03,C0=-4.88682e-07,D0=24.4543,D1=-67.4509,D2=-4.8489,D3=-5.44E-04,SCALE_CHLA=0.0073,DARK_CHLA=47,DARK_BACKSCATTERING700=47,SCALE_BACKSCATTERING700=1.596E-06,delta=0.039,lambda=700,theta=142,khi=1.097,R=8.31446,F=96485,,,,,,,,,,,,
4902620,3871,PhaseCoef0=-1.42200E00,PhaseCoef1=1.00000E00,PhaseCoef2=0.00000E00,PhaseCoef3=0.00000E00,ConcCoef0=0.00000E00,ConcCoef1=1.00000E00,c00=2.72144E-03,c01=1.16453E-04,c02=2.36264E-06,c03=2.20302E02,c04=-2.46405E-01,c05=-4.87140E01,c06=4.46380E00,Spreset=0.0,Pcoef1=0.1,Pcoef2=0.00022,Pcoef3=0.0419,B0=-6.24523E-03,B1=-7.37614e-03,B2=-1.0341E-02,B3=-8.17083e-03,C0=-4.88682e-07,D0=24.4543,D1=-67.4509,D2=-4.8489,D3=-5.44E-04,SCALE_CHLA=0.0073,DARK_CHLA=43,DARK_BACKSCATTERING700=45,SCALE_BACKSCATTERING700=1.647E-06,delta=0.039,lambda=700,theta=142,khi=1.097,R=8.31446,F=96485,,,,,,,,,,,,
4902623,3864,PhaseCoef0=-2.58900E00,PhaseCoef1=1.00000E00,PhaseCoef2=0.00000E00,PhaseCoef3=0.00000E00,ConcCoef0=0.00000E00,ConcCoef1=1.00000E00,c00=2.69393E-03,c01=1.15309E-04,c02=2.26905E-06,c03=2.18327E02,c04=-2.21551E-01,c05=-3.94475E01,c06=4.44042E00,Spreset=0.0,Pcoef1=0.1,Pcoef2=0.00022,Pcoef3=0.0419,B0=-6.24523E-03,B1=-7.37614e-03,B2=-1.0341E-02,B3=-8.17083e-03,C0=-4.88682e-07,D0=24.4543,D1=-67.4509,D2=-4.8489,D3=-5.44E-04,SCALE_CHLA=0.0072,DARK_CHLA=48,DARK_BACKSCATTERING700=46,SCALE_BACKSCATTERING700=1.769E-06,delta=0.039,lambda=700,theta=142,khi=1.097,R=8.31446,F=96485,,,,,,,,,,,,
4902626,3858,PhaseCoef0=-2.95000E-01,PhaseCoef1=1.00000E00,PhaseCoef2=0.00000E00,PhaseCoef3=0.00000E00,ConcCoef0=0.00000E00,ConcCoef1=1.00000E00,c00=2.73081E-03,c01=1.17728E-04,c02=2.25752E-06,c03=2.01599E02,c04=-2.04763E-01,c05=-4.37767E01,c06=4.07425E00,Spreset=0.0,Pcoef1=0.1,Pcoef2=0.00022,Pcoef3=0.0419,B0=-6.24523E-03,B1=-7.37614e-03,B2=-1.0341E-02,B3=-8.17083e-03,C0=-4.88682e-07,D0=24.4543,D1=-67.4509,D2=-4.8489,D3=-5.44E-04,SCALE_CHLA=0.0072,DARK_CHLA=43,DARK_BACKSCATTERING700=45,SCALE_BACKSCATTERING700=1.668E-06,delta=0.039,lambda=700,theta=142,khi=1.097,R=8.31446,F=96485,k0=-1.2952,k2=-0.00088525,f1=7.9958e-06,f2=-1.3183e-08,f3=1.359e-11,f4=-7.9369e-15,f5=2.4769e-18,f6=-3.1981e-22,,,,
4902628,3860,PhaseCoef0=-1.59600E00,PhaseCoef1=1.00000E00,PhaseCoef2=0.00000E00,PhaseCoef3=0.00000E00,ConcCoef0=0.00000E00,ConcCoef1=1.00000E00,c00=2.66766E-03,c01=1.14767E-04,c02=2.29391E-06,c03=2.25813E02,c04=-2.57994E-01,c05=-4.96644E01,c06=4.59244E00,Spreset=0.0,Pcoef1=0.1,Pcoef2=0.00022,Pcoef3=0.0419,B0=-6.24523E-03,B1=-7.37614e-03,B2=-1.0341E-02,B3=-8.17083e-03,C0=-4.88682e-07,D0=24.4543,D1=-67.4509,D2=-4.8489,D3=-5.44E-04,SCALE_CHLA=0.0073,DARK_CHLA=44,DARK_BACKSCATTERING700=43,SCALE_BACKSCATTERING700=1.631E-06,delta=0.039,lambda=700,theta=142,khi=1.097,R=8.31446,F=96485,k0=-1.3265,k2=-0.00079811,f1=6.2789e-06,f2=-1.0582e-08,f3=1.2058e-11,f4=-7.6426e-15,f5=2.5433e-18,f6=-3.4426e-22,,,,
4902596,3554,PhaseCoef0=-1.90900E00,PhaseCoef1=1.00000E00,PhaseCoef2=0.00000E00,PhaseCoef3=0.00000E00,ConcCoef0=0.00000E00,ConcCoef1=1.00000E00,c00=2.82671E-03,c01=1.23561E-04,c02=2.30534E-06,c03=3.31861E02,c04=-4.67585E-01,c05=-7.49700E01,c06=6.60841E00,Spreset=0.0,Pcoef1=0.1,Pcoef2=0.00022,Pcoef3=0.0419,B0=-6.24523E-03,B1=-7.37614e-03,B2=-1.0341E-02,B3=-8.17083e-03,C0=-4.88682e-07,D0=24.4543,D1=-67.4509,D2=-4.8489,D3=-5.44E-04,SCALE_CHLA=0.0073,DARK_CHLA=48,DARK_BACKSCATTERING700=47,SCALE_BACKSCATTERING700=1.678E-06,delta=0.039,lambda=700,theta=142,khi=1.097,R=8.31446,F=96485,,,,,,,,,,,,
4902597,3632,PhaseCoef0=-1.62400E00,PhaseCoef1=1.00000E00,PhaseCoef2=0.00000E00,PhaseCoef3=0.00000E00,ConcCoef0=0.00000E00,ConcCoef1=1.00000E00,c00=2.73650E-03,c01=1.14258E-04,c02=2.41159E-06,c03=1.39344E02,c04=-1.99702E-01,c05=-3.23648E01,c06=2.81103E00,Spreset=0.0,Pcoef1=0.1,Pcoef2=0.00022,Pcoef3=0.0419,B0=-6.24523E-03,B1=-7.37614e-03,B2=-1.0341E-02,B3=-8.17083e-03,C0=-4.88682e-07,D0=24.4543,D1=-67.4509,D2=-4.8489,D3=-5.44E-04,SCALE_CHLA=0.0073,DARK_CHLA=48,DARK_BACKSCATTERING700=48,SCALE_BACKSCATTERING700=1.669E-06,delta=0.039,lambda=700,theta=142,khi=1.097,R=8.31446,F=96485,,,,,,,,,,,,
4902633,4008,PhaseCoef0=2.60000E-01,PhaseCoef1=1.00000E00,PhaseCoef2=0.00000E00,PhaseCoef3=0.00000E00,ConcCoef0=0.00000E00,ConcCoef1=1.00000E00,c00=2.73625E-03,c01=1.14750E-04,c02=2.42571E-06,c03=1.78301E02,c04=-1.98193E-01,c05=-4.44292E01,c06=3.63997E00,Spreset=0.0,Pcoef1=0.1,Pcoef2=0.00022,Pcoef3=0.0419,B0=-6.24523E-03,B1=-7.37614e-03,B2=-1.0341E-02,B3=-8.17083e-03,C0=-4.88682e-07,D0=24.4543,D1=-67.4509,D2=-4.8489,D3=-5.44E-04,,,,,,,,,,,,,,,,,,,,,,
4902634,4098,PhaseCoef0=-2.30200E00,PhaseCoef1=1.00000E00,PhaseCoef2=0.00000E00,PhaseCoef3=0.00000E00,ConcCoef0=0.00000E00,ConcCoef1=1.00000E00,c00=2.80779E-03,c01=1.15024E-04,c02=2.53993E-06,c03=1.33745E02,c04=-2.02199E-01,c05=-2.91652E01,c06=2.70604E00,Spreset=0.0,Pcoef1=0.1,Pcoef2=0.00022,Pcoef3=0.0419,B0=-6.24523E-03,B1=-7.37614e-03,B2=-1.0341E-02,B3=-8.17083e-03,C0=-4.88682e-07,D0=24.4543,D1=-67.4509,D2=-4.8489,D3=-5.44E-04,,,,,,,,,,,,,,,,,,,,,,
4902652,3994,PhaseCoef0=0.00000E00,PhaseCoef1=1.00000E00,PhaseCoef2=0.00000E00,PhaseCoef3=0.00000E00,ConcCoef0=0.00000E00,ConcCoef1=1.00000E00,c00=2.79229E-03,c01=1.14346E-04,c02=2.66506E-06,c03=1.15665E02,c04=-1.59858E-01,c05=-3.09073E01,c06=2.33820E00,Spreset=0.0,Pcoef1=0.1,Pcoef2=0.00022,Pcoef3=0.0419,B0=-6.24523E-03,B1=-7.37614e-03,B2=-1.0341E-02,B3=-8.17083e-03,C0=-4.88682e-07,D0=24.4543,D1=-67.4509,D2=-4.8489,D3=-5.44E-04,,,,,,,,,,,,,,,,,,,,,,
4902650,3992,PhaseCoef0=2.01000E-01,PhaseCoef1=1.00000E00,PhaseCoef2=0.00000E00,PhaseCoef3=0.00000E00,ConcCoef0=0.00000E00,ConcCoef1=1.00000E00,c00=2.66064E-03,c01=1.12125E-04,c02=2.48997E-06,c03=2.16086E02,c04=-1.94362E-01,c05=-5.85024E01,c06=4.38731E00,Spreset=0.0,Pcoef1=0.1,Pcoef2=0.00022,Pcoef3=0.0419,B0=-6.24523E-03,B1=-7.37614e-03,B2=-1.0341E-02,B3=-8.17083e-03,C0=-4.88682e-07,D0=24.4543,D1=-67.4509,D2=-4.8489,D3=-5.44E-04,,,,,,,,,,,,,,,,,,,,,,
4902651,3992,PhaseCoef0=0.00000E00,PhaseCoef1=1.00000E00,PhaseCoef2=0.00000E00,PhaseCoef3=0.00000E00,ConcCoef0=0.00000E00,ConcCoef1=1.00000E00,c00=2.71410E-03,c01=1.11619E-04,c02=2.46805E-06,c03=1.70819E02,c04=-2.58698E-01,c05=-4.57077E01,c06=3.49031E00,Spreset=0.0,Pcoef1=0.1,Pcoef2=0.00022,Pcoef3=0.0419,B0=-6.24523E-03,B1=-7.37614e-03,B2=-1.0341E-02,B3=-8.17083e-03,C0=-4.88682e-07,D0=24.4543,D1=-67.4509,D2=-4.8489,D3=-5.44E-04,,,,,,,,,,,,,,,,,,,,,,
4902614,3868,PhaseCoef0=-1.84200E00,PhaseCoef1=1.00000E00,PhaseCoef2=0.00000E00,PhaseCoef3=0.00000E00,ConcCoef0=0.00000E00,ConcCoef1=1.00000E00,c00=2.73828E-03,c01=1.16953E-04,c02=2.38128E-06,c03=1.91842E02,c04=-2.08859E-01,c05=-4.16523E01,c06=3.88160E00,Spreset=0.0,Pcoef1=0.1,Pcoef2=0.00022,Pcoef3=0.0419,B0=-6.24523E-03,B1=-7.37614e-03,B2=-1.0341E-02,B3=-8.17083e-03,C0=-4.88682e-07,D0=24.4543,D1=-67.4509,D2=-4.8489,D3=-5.44E-04,,,,,,,,,,,,,,,,,,,,,,
4902635,4013,PhaseCoef0=1.86000E-01,PhaseCoef1=1.00000E00,PhaseCoef2=0.00000E00,PhaseCoef3=0.00000E00,ConcCoef0=0.00000E00,ConcCoef1=1.00000E00,c00=2.77062E-03,c01=1.17935E-04,c02=2.29628E-06,c03=1.63308E02,c04=-2.10714E-01,c05=-4.06785E01,c06=3.30189E00,Spreset=0.0,Pcoef1=0.1,Pcoef2=0.00022,Pcoef3=0.0419,B0=-6.24523E-03,B1=-7.37614e-03,B2=-1.0341E-02,B3=-8.17083e-03,C0=-4.88682e-07,D0=24.4543,D1=-67.4509,D2=-4.8489,D3=-5.44E-04,,,,,,,,,,,,,,,,,,,,,,
4902636,4094,PhaseCoef0=-1.67700E00,PhaseCoef1=1.00000E00,PhaseCoef2=0.00000E00,PhaseCoef3=0.00000E00,ConcCoef0=0.00000E00,ConcCoef1=1.00000E00,c00=2.81164E-03,c01=1.14714E-04,c02=2.59973E-06,c03=1.67551E02,c04=-2.41161E-01,c05=-3.66035E01,c06=3.39773E00,Spreset=0.0,Pcoef1=0.1,Pcoef2=0.00022,Pcoef3=0.0419,B0=-6.24523E-03,B1=-7.37614e-03,B2=-1.0341E-02,B3=-8.17083e-03,C0=-4.88682e-07,D0=24.4543,D1=-67.4509,D2=-4.8489,D3=-5.44E-04,,,,,,,,,,,,,,,,,,,,,,
4902637,4095,PhaseCoef0=-1.75300E00,PhaseCoef1=1.00000E00,PhaseCoef2=0.00000E00,PhaseCoef3=0.00000E00,ConcCoef0=0.00000E00,ConcCoef1=1.00000E00,c00=2.76654E-03,c01=1.13403E-04,c02=2.43363E-06,c03=1.24851E02,c04=-2.10416E-01,c05=-2.70355E01,c06=2.53726E00,Spreset=0.0,Pcoef1=0.1,Pcoef2=0.00022,Pcoef3=0.0419,B0=-6.24523E-03,B1=-7.37614e-03,B2=-1.0341E-02,B3=-8.17083e-03,C0=-4.88682e-07,D0=24.4543,D1=-67.4509,D2=-4.8489,D3=-5.44E-04,,,,,,,,,,,,,,,,,,,,,,
4902663,4049,PhaseCoef0=0.00000E00,PhaseCoef1=1.00000E00,PhaseCoef2=0.00000E00,PhaseCoef3=0.00000E00,ConcCoef0=0.00000E00,ConcCoef1=1.00000E00,c00=2.68981E-03,c01=1.12760E-04,c02=2.42232E-06,c03=1.35023E02,c04=-1.62224E-01,c05=-3.43915E01,c06=2.75804E00,Spreset=0.0,Pcoef1=0.1,Pcoef2=0.00022,Pcoef3=0.0419,B0=-6.24523E-03,B1=-7.37614e-03,B2=-1.0341E-02,B3=-8.17083e-03,C0=-4.88682e-07,D0=24.4543,D1=-67.4509,D2=-4.8489,D3=-5.44E-04,,,,,,,,,,,,,,,,,,,,,,
4902662,4087,PhaseCoef0=-1.65300E00,PhaseCoef1=1.00000E00,PhaseCoef2=0.00000E00,PhaseCoef3=0.00000E00,ConcCoef0=0.00000E00,ConcCoef1=1.00000E00,c00=2.76176E-03,c01=1.13517E-04,c02=2.42473E-06,c03=1.90408E02,c04=-3.07237E-01,c05=-4.08376E01,c06=3.86132E00,Spreset=0.0,Pcoef1=0.1,Pcoef2=0.00022,Pcoef3=0.0419,B0=-6.24523E-03,B1=-7.37614e-03,B2=-1.0341E-02,B3=-8.17083e-03,C0=-4.88682e-07,D0=24.4543,D1=-67.4509,D2=-4.8489,D3=-5.44E-04,,,,,,,,,,,,,,,,,,,,,,
4902600,3595,PhaseCoef0=-2.25800E00,PhaseCoef1=1.00000E00,PhaseCoef2=0.00000E00,PhaseCoef3=0.00000E00,ConcCoef0=0.00000E00,ConcCoef1=1.00000E00,c00=2.75183E-03,c01=1.21957E-04,c02=2.24241E-06,c03=1.67877E02,c04=-2.30779E-01,c05=-3.76022E01,c06=3.35345E00,Spreset=0.0,Pcoef1=0.1,Pcoef2=0.00022,Pcoef3=0.0419,B0=-6.24523E-03,B1=-7.37614e-03,B2=-1.0341E-02,B3=-8.17083e-03,C0=-4.88682e-07,D0=24.4543,D1=-67.4509,D2=-4.8489,D3=-5.44E-04,SCALE_CHLA=0.0073,DARK_CHLA=47,DARK_BACKSCATTERING700=49,SCALE_BACKSCATTERING700=1.849E-06,delta=0.039,lambda=700,theta=142,khi=1.097,R=8.31446,F=96485,,,,,,,,,,,,
4902627,3866,PhaseCoef0=-2.23900E00,PhaseCoef1=1.00000E00,PhaseCoef2=0.00000E00,PhaseCoef3=0.00000E00,ConcCoef0=0.00000E00,ConcCoef1=1.00000E00,c00=2.68368E-03,c01=1.15604E-04,c02=2.32689E-06,c03=1.88677E02,c04=-1.98968E-01,c05=-4.23884E01,c06=3.82456E00,Spreset=0.0,Pcoef1=0.1,Pcoef2=0.00022,Pcoef3=0.0419,B0=-6.24523E-03,B1=-7.37614e-03,B2=-1.0341E-02,B3=-8.17083e-03,C0=-4.88682e-07,D0=24.4543,D1=-67.4509,D2=-4.8489,D3=-5.44E-04,SCALE_CHLA=0.0073,DARK_CHLA=49,DARK_BACKSCATTERING700=49,SCALE_BACKSCATTERING700=1.671E-06,delta=0.039,lambda=700,theta=142,khi=1.097,R=8.31446,F=96485,k0=-1.2904,k2=-0.00089678,f1=1.0008e-05,f2=1.0783e-10,f3=-2.016e-11,f4=2.3171e-14,f5=-1.029e-17,f6=1.6427e-21,,,,
4902601,3630,PhaseCoef0=-2.35200E00,PhaseCoef1=1.00000E00,PhaseCoef2=0.00000E00,PhaseCoef3=0.00000E00,ConcCoef0=0.00000E00,ConcCoef1=1.00000E00,c00=2.69867E-03,c01=1.13693E-04,c02=2.20559E-06,c03=2.22456E02,c04=-3.97266E-01,c05=-4.69596E01,c06=4.47267E00,Spreset=0.0,Pcoef1=0.1,Pcoef2=0.00022,Pcoef3=0.0419,B0=-6.24523E-03,B1=-7.37614e-03,B2=-1.0341E-02,B3=-8.17083e-03,C0=-4.88682e-07,D0=24.4543,D1=-67.4509,D2=-4.8489,D3=-5.44E-04,SCALE_CHLA=0.0073,DARK_CHLA=47,DARK_BACKSCATTERING700=46,SCALE_BACKSCATTERING700=1.654E-06,delta=0.039,lambda=700,theta=142,khi=1.097,R=8.31446,F=96485,,,,,,,,,,,,
4902660,4087,PhaseCoef0=3.10000E-01,PhaseCoef1=1.00000E00,PhaseCoef2=0.00000E00,PhaseCoef3=0.00000E00,ConcCoef0=0.00000E00,ConcCoef1=1.00000E00,c00=2.77751E-03,c01=1.13369E-04,c02=2.60046E-06,c03=1.36045E02,c04=-1.78956E-01,c05=-3.51710E01,c06=2.78036E00,Spreset=0.0,Pcoef1=0.1,Pcoef2=0.00022,Pcoef3=0.0419,B0=-6.24523E-03,B1=-7.37614e-03,B2=-1.0341E-02,B3=-8.17083e-03,C0=-4.88682e-07,D0=24.4543,D1=-67.4509,D2=-4.8489,D3=-5.44E-04,,,,,,,,,,,,,,,,,,,,,,
4902684,4169,PhaseCoef0=-1.15900E00,PhaseCoef1=1.00000E00,PhaseCoef2=0.00000E00,PhaseCoef3=0.00000E00,ConcCoef0=0.00000E00,ConcCoef1=1.00000E00,c00=2.72424E-03,c01=1.15992E-04,c02=2.26702E-06,c03=1.19748E02,c04=-1.72297E-01,c05=-2.88570E01,c06=2.40120E00,Spreset=0.0,Pcoef1=0.1,Pcoef2=0.00022,Pcoef3=0.0419,B0=-6.24523E-03,B1=-7.37614e-03,B2=-1.0341E-02,B3=-8.17083e-03,C0=-4.88682e-07,D0=24.4543,D1=-67.4509,D2=-4.8489,D3=-5.44E-04,SCALE_CHLA=0.0072,DARK_CHLA=49,DARK_BACKSCATTERING700=50,SCALE_BACKSCATTERING700=1.619E-06,delta=0.039,lambda=700,theta=142,khi=1.097,R=8.31446,F=96485,a0_380=2148825757.1,a1_380=1.47365293877e-007,lm_380=1.161,a0_412=2147293764.1,a1_412=1.9188115193e-007,lm_412=1.368,a0_490=2147200760.7,a1_490=2.12753131753e-007,lm_490=1.365,a0_par=2147705521.3,a1_par=3.4340129179e-006,lm_par=1.359
4902685,4170,PhaseCoef0=-1.51200E00,PhaseCoef1=1.00000E00,PhaseCoef2=0.00000E00,PhaseCoef3=0.00000E00,ConcCoef0=0.00000E00,ConcCoef1=1.00000E00,c00=2.70072E-03,c01=1.13899E-04,c02=2.23381E-06,c03=9.18019E02,c04=-1.26096E00,c05=-1.97320E02,c06=1.85390E01,Spreset=0.0,Pcoef1=0.1,Pcoef2=0.00022,Pcoef3=0.0419,B0=-6.24523E-03,B1=-7.37614e-03,B2=-1.0341E-02,B3=-8.17083e-03,C0=-4.88682e-07,D0=24.4543,D1=-67.4509,D2=-4.8489,D3=-5.44E-04,SCALE_CHLA=0.0073,DARK_CHLA=52,DARK_BACKSCATTERING700=50,SCALE_BACKSCATTERING700=1.698E-06,delta=0.039,lambda=700,theta=142,khi=1.097,R=8.31446,F=96485,a0_380=2148021684.0,a1_380=1.46898871444e-007,lm_380=1.161,a0_412=2147494765.5,a1_412=1.9904055695e-007,lm_412=1.368,a0_490=2148060575.8,a1_490=2.0999892364e-007,lm_490=1.365,a0_par=2147518385.8,a1_par=3.5115277525e-006,lm_par=1.359
4902638,4009,PhaseCoef0=3.84000E-01,PhaseCoef1=1.00000E00,PhaseCoef2=0.00000E00,PhaseCoef3=0.00000E00,ConcCoef0=0.00000E00,ConcCoef1=1.00000E00,c00=2.71034E-03,c01=1.14953E-04,c02=2.34473E-06,c03=1.68696E02,c04=-1.96922E-01,c05=-4.21715E01,c06=3.44161E00,Spreset=0.0,Pcoef1=0.1,Pcoef2=0.00022,Pcoef3=0.0419,B0=-6.24523E-03,B1=-7.37614e-03,B2=-1.0341E-02,B3=-8.17083e-03,C0=-4.88682e-07,D0=24.4543,D1=-67.4509,D2=-4.8489,D3=-5.44E-04,,,,,,,,,,,,,,,,,,,,,,
4902639,4014,PhaseCoef0=-1.80000E-01,PhaseCoef1=1.00000E00,PhaseCoef2=0.00000E00,PhaseCoef3=0.00000E00,ConcCoef0=0.00000E00,ConcCoef1=1.00000E00,c00=2.76788E-03,c01=1.16789E-04,c02=2.42240E-06,c03=2.00352E02,c04=-2.51834E-01,c05=-5.01126E01,c06=4.05023E00,Spreset=0.0,Pcoef1=0.1,Pcoef2=0.00022,Pcoef3=0.0419,B0=-6.24523E-03,B1=-7.37614e-03,B2=-1.0341E-02,B3=-8.17083e-03,C0=-4.88682e-07,D0=24.4543,D1=-67.4509,D2=-4.8489,D3=-5.44E-04,,,,,,,,,,,,,,,,,,,,,,
4902622,3134,PhaseCoef0=-4.07000E-01,PhaseCoef1=1.00000E00,PhaseCoef2=0.00000E00,PhaseCoef3=0.00000E00,ConcCoef0=0.00000E00,ConcCoef1=1.00000E00,c00=2.64439E-03,c01=1.09413E-04,c02=2.33493E-06,c03=1.46249E02,c04=-2.07099E-01,c05=-3.41936E01,c06=2.94540E00,Spreset=0.0,Pcoef1=0.1,Pcoef2=0.00022,Pcoef3=0.0419,B0=-6.24523E-03,B1=-7.37614e-03,B2=-1.0341E-02,B3=-8.17083e-03,C0=-4.88682e-07,D0=24.4543,D1=-67.4509,D2=-4.8489,D3=-5.44E-04,SCALE_CHLA=0.0073,DARK_CHLA=48,DARK_BACKSCATTERING700=47,SCALE_BACKSCATTERING700=1.807E-06,delta=0.039,lambda=700,theta=142,khi=1.097,R=8.31446,F=96485,,,,,,,,,,,,
4902676,3971,PhaseCoef0=-1.82400E00,PhaseCoef1=1.00000E00,PhaseCoef2=0.00000E00,PhaseCoef3=0.00000E00,ConcCoef0=0.00000E00,ConcCoef1=1.00000E00,c00=2.71913E-03,c01=1.12324E-04,c02=2.44442E-06,c03=2.45082E02,c04=-3.31445E-01,c05=-4.90716E01,c06=4.98154E00,Spreset=0.0,Pcoef1=0.1,Pcoef2=0.00022,Pcoef3=0.0419,B0=-6.24523E-03,B1=-7.37614e-03,B2=-1.0341E-02,B3=-8.17083e-03,C0=-4.88682e-07,D0=24.4543,D1=-67.4509,D2=-4.8489,D3=-5.44E-04,SCALE_CHLA=0.0073,DARK_CHLA=49,DARK_BACKSCATTERING700=50,SCALE_BACKSCATTERING700=1.687E-06,delta=0.039,lambda=700,theta=142,khi=1.097,R=8.31446,F=96485,,,,,,,,,,,,
4902631,4899,PhaseCoef0=-3.14400E00,PhaseCoef1=1.00000E00,PhaseCoef2=0.00000E00,PhaseCoef3=0.00000E00,ConcCoef0=0.00000E00,ConcCoef1=1.00000E00,c00=2.79489E-03,c01=1.14902E-04,c02=2.55802E-06,c03=1.87556E02,c04=-2.56763E-01,c05=-3.40113E01,c06=3.78087E00,Spreset=0.0,Pcoef1=0.1,Pcoef2=0.00022,Pcoef3=0.0419,B0=-6.24523E-03,B1=-7.37614e-03,B2=-1.0341E-02,B3=-8.17083e-03,C0=-4.88682e-07,D0=24.4543,D1=-67.4509,D2=-4.8489,D3=-5.44E-04,,,,,,,,,,,,,,,,,,,,,,
4902632,3974,PhaseCoef0=-2.11300E00,PhaseCoef1=1.00000E00,PhaseCoef2=0.00000E00,PhaseCoef3=0.00000E00,ConcCoef0=0.00000E00,ConcCoef1=1.00000E00,c00=2.72548E-03,c01=1.16234E-04,c02=2.25447E-06,c03=1.78810E02,c04=-2.45865E-01,c05=-3.74233E01,c06=3.62456E00,Spreset=0.0,Pcoef1=0.1,Pcoef2=0.00022,Pcoef3=0.0419,B0=-6.24523E-03,B1=-7.37614e-03,B2=-1.0341E-02,B3=-8.17083e-03,C0=-4.88682e-07,D0=24.4543,D1=-67.4509,D2=-4.8489,D3=-5.44E-04,,,,,,,,,,,,,,,,,,,,,,
4902679,3985,PhaseCoef0=0.00000E00,PhaseCoef1=1.00000E00,PhaseCoef2=0.00000E00,PhaseCoef3=0.00000E00,ConcCoef0=0.00000E00,ConcCoef1=1.00000E00,c00=2.65665E-03,c01=1.12474E-04,c02=2.33153E-06,c03=1.81879E02,c04=-2.13550E-01,c05=-4.81934E01,c06=3.71031E00,Spreset=0.0,Pcoef1=0.1,Pcoef2=0.00022,Pcoef3=0.0419,B0=-6.24523E-03,B1=-7.37614e-03,B2=-1.0341E-02,B3=-8.17083e-03,C0=-4.88682e-07,D0=24.4543,D1=-67.4509,D2=-4.8489,D3=-5.44E-04,SCALE_CHLA=0.0073,DARK_CHLA=49,DARK_BACKSCATTERING700=49,SCALE_BACKSCATTERING700=1.567E-06,delta=0.039,lambda=700,theta=142,khi=1.097,R=8.31446,F=96485,,,,,,,,,,,,
4902686,4171,PhaseCoef0=-1.79000E00,PhaseCoef1=1.00000E00,PhaseCoef2=0.00000E00,PhaseCoef3=0.00000E00,ConcCoef0=0.00000E00,ConcCoef1=1.00000E00,c00=2.67795E-03,c01=1.14424E-04,c02=2.16130E-06,c03=1.34622E02,c04=-2.05818E-01,c05=-3.11403E01,c06=2.71565E00,Spreset=0.0,Pcoef1=0.1,Pcoef2=0.00022,Pcoef3=0.0419,B0=-6.24523E-03,B1=-7.37614e-03,B2=-1.0341E-02,B3=-8.17083e-03,C0=-4.88682e-07,D0=24.4543,D1=-67.4509,D2=-4.8489,D3=-5.44E-04,SCALE_CHLA=0.0073,DARK_CHLA=50,DARK_BACKSCATTERING700=50,SCALE_BACKSCATTERING700=1.698E-06,delta=0.039,lambda=700,theta=142,khi=1.097,R=8.31446,F=96485,a0_380=2146377177.2,a1_380=1.5809291781e-007,lm_380=1.161,a0_412=2146678506.5,a1_412=1.84755321963e-007,lm_412=1.368,a0_490=2147241145.6,a1_490=2.08037925617e-007,lm_490=1.365,a0_par=2147720642.6,a1_par=3.48905418927e-006,lm_par=1.359
4902687,4173,PhaseCoef0=-1.25600E00,PhaseCoef1=1.00000E00,PhaseCoef2=0.00000E00,PhaseCoef3=0.00000E00,ConcCoef0=0.00000E00,ConcCoef1=1.00000E00,c00=2.68733E-03,c01=1.13754E-04,c02=2.19894E-06,c03=1.65355E02,c04=-2.32817E-01,c05=-3.62451E01,c06=3.34499E00,Spreset=0.0,Pcoef1=0.1,Pcoef2=0.00022,Pcoef3=0.0419,B0=-6.24523E-03,B1=-7.37614e-03,B2=-1.0341E-02,B3=-8.17083e-03,C0=-4.88682e-07,D0=24.4543,D1=-67.4509,D2=-4.8489,D3=-5.44E-04,SCALE_CHLA=0.0073,DARK_CHLA=49,DARK_BACKSCATTERING700=50,SCALE_BACKSCATTERING700=1.686E-06,delta=0.039,lambda=700,theta=142,khi=1.097,R=8.31446,F=96485,a0_380=2147277585.7,a1_380=1.58772317519e-007,lm_380=1.161,a0_412=2147736427.8,a1_412=2.04998493784e-007,lm_412=1.368,a0_490=2147162220.7,a1_490=2.02295433335e-007,lm_490=1.365,a0_par=2147474964.0,a1_par=3.43497056718e-006,lm_par=1.359
4902688,4172,PhaseCoef0=-1.59300E00,PhaseCoef1=1.00000E00,PhaseCoef2=0.00000E00,PhaseCoef3=0.00000E00,ConcCoef0=0.00000E00,ConcCoef1=1.00000E00,c00=2.70705E-03,c01=1.15556E-04,c02=2.22591E-06,c03=1.43781E02,c04=-2.04063E-01,c05=-3.37309E01,c06=2.88909E00,Spreset=0.0,Pcoef1=0.1,Pcoef2=0.00022,Pcoef3=0.0419,B0=-6.24523E-03,B1=-7.37614e-03,B2=-1.0341E-02,B3=-8.17083e-03,C0=-4.88682e-07,D0=24.4543,D1=-67.4509,D2=-4.8489,D3=-5.44E-04,SCALE_CHLA=0.0073,DARK_CHLA=50,DARK_BACKSCATTERING700=50,SCALE_BACKSCATTERING700=1.698E-06,delta=0.039,lambda=700,theta=142,khi=1.097,R=8.31446,F=96485,a0_380=2147443346.3,a1_380=1.62446930909e-007,lm_380=1.161,a0_412=2147879559.4,a1_412=2.06570904227e-007,lm_412=1.368,a0_490=2147940915.8,a1_490=2.07273931383e-007,lm_490=1.365,a0_par=2147336478.8,a1_par=3.43236658152e-006,lm_par=1.359
4902675,3977,PhaseCoef0=-1.89200E00,PhaseCoef1=1.00000E00,PhaseCoef2=0.00000E00,PhaseCoef3=0.00000E00,ConcCoef0=0.00000E00,ConcCoef1=1.00000E00,c00=2.75477E-03,c01=1.17986E-04,c02=2.35030E-06,c03=1.88470E02,c04=-2.19994E-01,c05=-3.91981E01,c06=3.82138E00,Spreset=0.0,Pcoef1=0.1,Pcoef2=0.00022,Pcoef3=0.0419,B0=-6.24523E-03,B1=-7.37614e-03,B2=-1.0341E-02,B3=-8.17083e-03,C0=-4.88682e-07,D0=24.4543,D1=-67.4509,D2=-4.8489,D3=-5.44E-04,SCALE_CHLA=0.0073,DARK_CHLA=48,DARK_BACKSCATTERING700=49,SCALE_BACKSCATTERING700=1.491E-06,delta=0.039,lambda=700,theta=142,khi=1.097,R=8.31446,F=96485,,,,,,,,,,,,
4902677,3972,PhaseCoef0=-2.07400E00,PhaseCoef1=1.00000E00,PhaseCoef2=0.00000E00,PhaseCoef3=0.00000E00,ConcCoef0=0.00000E00,ConcCoef1=1.00000E00,c00=2.80324E-03,c01=1.16109E-04,c02=2.55465E-06,c03=1.51199E02,c04=-2.06487E-01,c05=-3.19160E01,c06=3.04319E00,Spreset=0.0,Pcoef1=0.1,Pcoef2=0.00022,Pcoef3=0.0419,B0=-6.24523E-03,B1=-7.37614e-03,B2=-1.0341E-02,B3=-8.17083e-03,C0=-4.88682e-07,D0=24.4543,D1=-67.4509,D2=-4.8489,D3=-5.44E-04,SCALE_CHLA=0.0073,DARK_CHLA=50,DARK_BACKSCATTERING700=51,SCALE_BACKSCATTERING700=1.719E-06,delta=0.039,lambda=700,theta=142,khi=1.097,R=8.31446,F=96485,,,,,,,,,,,,
4902615,3869,PhaseCoef0=-1.75700E00,PhaseCoef1=1.00000E00,PhaseCoef2=0.00000E00,PhaseCoef3=0.00000E00,ConcCoef0=0.00000E00,ConcCoef1=1.00000E00,c00=2.65573E-03,c01=1.14305E-04,c02=2.26547E-06,c03=2.10181E02,c04=-2.35876E-01,c05=-4.55868E01,c06=4.28114E00,Spreset=0.0,Pcoef1=0.1,Pcoef2=0.00022,Pcoef3=0.0419,B0=-6.24523E-03,B1=-7.37614e-03,B2=-1.0341E-02,B3=-8.17083e-03,C0=-4.88682e-07,D0=24.4543,D1=-67.4509,D2=-4.8489,D3=-5.44E-04,,,,,,,,,,,,,,,,,,,,,,
4902642,3869,PhaseCoef0=-1.29600E00,PhaseCoef1=1.00000E00,PhaseCoef2=0.00000E00,PhaseCoef3=0.00000E00,ConcCoef0=0.00000E00,ConcCoef1=1.00000E00,c00=2.66770E-03,c01=1.11951E-04,c02=2.36947E-06,c03=1.81656E02,c04=-2.43715E-01,c05=-4.57369E01,c06=3.72070E00,Spreset=0.0,Pcoef1=0.1,Pcoef2=0.00022,Pcoef3=0.0419,B0=-6.24523E-03,B1=-7.37614e-03,B2=-1.0341E-02,B3=-8.17083e-03,C0=-4.88682e-07,D0=24.4543,D1=-67.4509,D2=-4.8489,D3=-5.44E-04,,,,,,,,,,,,,,,,,,,,,,
4902643,3898,PhaseCoef0=-1.988000E+00,PhaseCoef1=1.00000E00,PhaseCoef2=0.00000E00,PhaseCoef3=0.00000E00,ConcCoef0=0.00000E00,ConcCoef1=1.00000E00,c00=2.693019E-03,c01=1.106939E-04,c02=2.448412E-06,c03=1.910268E+02,c04=-2.813162E-01,c05=-4.226687E+01,c06=3.880394E+00,Spreset=0.0,Pcoef1=0.1,Pcoef2=0.00022,Pcoef3=0.0419,B0=-6.24523E-03,B1=-7.37614e-03,B2=-1.0341E-02,B3=-8.17083e-03,C0=-4.88682e-07,D0=24.4543,D1=-67.4509,D2=-4.8489,D3=-5.44E-04,,,,,,,,,,,,,,,,,,,,,,
4902644,4021,PhaseCoef0=-2.23000E00,PhaseCoef1=1.00000E00,PhaseCoef2=0.00000E00,PhaseCoef3=0.00000E00,ConcCoef0=0.00000E00,ConcCoef1=1.00000E00,c00=2.70856E-03,c01=1.15098E-04,c02=2.43299E-06,c03=1.86720E02,c04=-2.23815E-01,c05=-4.11978E01,c06=3.80574E00,Spreset=0.0,Pcoef1=0.1,Pcoef2=0.00022,Pcoef3=0.0419,B0=-6.24523E-03,B1=-7.37614e-03,B2=-1.0341E-02,B3=-8.17083e-03,C0=-4.88682e-07,D0=24.4543,D1=-67.4509,D2=-4.8489,D3=-5.44E-04,,,,,,,,,,,,,,,,,,,,,,
4902649,4051,PhaseCoef0=0.00000E00,PhaseCoef1=1.00000E00,PhaseCoef2=0.00000E00,PhaseCoef3=0.00000E00,ConcCoef0=0.00000E00,ConcCoef1=1.00000E00,c00=2.68594E-03,c01=1.11340E-04,c02=2.54425E-06,c03=1.40070E02,c04=-2.07031E-01,c05=-3.76819E01,c06=2.84234E00,Spreset=0.0,Pcoef1=0.1,Pcoef2=0.00022,Pcoef3=0.0419,B0=-6.24523E-03,B1=-7.37614e-03,B2=-1.0341E-02,B3=-8.17083e-03,C0=-4.88682e-07,D0=24.4543,D1=-67.4509,D2=-4.8489,D3=-5.44E-04,,,,,,,,,,,,,,,,,,,,,,
4902624,3803,PhaseCoef0=-2.80700E00,PhaseCoef1=1.00000E00,PhaseCoef2=0.00000E00,PhaseCoef3=0.00000E00,ConcCoef0=0.00000E00,ConcCoef1=1.00000E00,c00=2.77783E-03,c01=1.15460E-04,c02=2.54070E-06,c03=1.80511E02,c04=-2.20254E-01,c05=-3.86952E01,c06=3.62177E00,Spreset=0.0,Pcoef1=0.1,Pcoef2=0.00022,Pcoef3=0.0419,B0=-6.24523E-03,B1=-7.37614e-03,B2=-1.0341E-02,B3=-8.17083e-03,C0=-4.88682e-07,D0=24.4543,D1=-67.4509,D2=-4.8489,D3=-5.44E-04,SCALE_CHLA=0.0073,DARK_CHLA=48,DARK_BACKSCATTERING700=43,SCALE_BACKSCATTERING700=1.702E-06,delta=0.039,lambda=700,theta=142,khi=1.097,R=8.31446,F=96485,,,,,,,,,,,,
4902625,3135,PhaseCoef0=-5.63000E-01,PhaseCoef1=1.00000E00,PhaseCoef2=0.00000E00,PhaseCoef3=0.00000E00,ConcCoef0=0.00000E00,ConcCoef1=1.00000E00,c00=2.68043E-03,c01=1.10318E-04,c02=2.35526E-06,c03=1.47538E02,c04=-2.17086E-01,c05=-3.43239E01,c06=2.96394E00,Spreset=0.0,Pcoef1=0.1,Pcoef2=0.00022,Pcoef3=0.0419,B0=-6.24523E-03,B1=-7.37614e-03,B2=-1.0341E-02,B3=-8.17083e-03,C0=-4.88682e-07,D0=24.4543,D1=-67.4509,D2=-4.8489,D3=-5.44E-04,SCALE_CHLA=0.0073,DARK_CHLA=47,DARK_BACKSCATTERING700=47,SCALE_BACKSCATTERING700=1.832E-06,delta=0.039,lambda=700,theta=142,khi=1.097,R=8.31446,F=96485,,,,,,,,,,,,
4902640,4092,PhaseCoef0=0.00000E00,PhaseCoef1=1.00000E00,PhaseCoef2=0.00000E00,PhaseCoef3=0.00000E00,ConcCoef0=0.00000E00,ConcCoef1=1.00000E00,c00=2.86487E-03,c01=1.16409E-04,c02=2.74618E-06,c03=1.76096E02,c04=-2.30080E-01,c05=-4.60025E01,c06=3.57636E00,Spreset=0.0,Pcoef1=0.1,Pcoef2=0.00022,Pcoef3=0.0419,B0=-6.24523E-03,B1=-7.37614e-03,B2=-1.0341E-02,B3=-8.17083e-03,C0=-4.88682e-07,D0=24.4543,D1=-67.4509,D2=-4.8489,D3=-5.44E-04,,,,,,,,,,,,,,,,,,,,,,
4902641,4012,PhaseCoef0=-1.06800E00,PhaseCoef1=1.00000E00,PhaseCoef2=0.00000E00,PhaseCoef3=0.00000E00,ConcCoef0=0.00000E00,ConcCoef1=1.00000E00,c00=2.83672E-03,c01=1.15829E-04,c02=2.82779E-06,c03=3.70744E01,c04=-4.83729E-02,c05=-9.67242E00,c06=7.56965E-01,Spreset=0.0,Pcoef1=0.1,Pcoef2=0.00022,Pcoef3=0.0419,B0=-6.24523E-03,B1=-7.37614e-03,B2=-1.0341E-02,B3=-8.17083e-03,C0=-4.88682e-07,D0=24.4543,D1=-67.4509,D2=-4.8489,D3=-5.44E-04,,,,,,,,,,,,,,,,,,,,,,
4902680,3986,PhaseCoef0=0.00000E00,PhaseCoef1=1.00000E00,PhaseCoef2=0.00000E00,PhaseCoef3=0.00000E00,ConcCoef0=0.00000E00,ConcCoef1=1.00000E00,c00=2.79332E-03,c01=1.14740E-04,c02=2.62934E-06,c03=1.51050E02,c04=-1.93324E-01,c05=-3.83173E01,c06=3.07551E00,Spreset=0.0,Pcoef1=0.1,Pcoef2=0.00022,Pcoef3=0.0419,B0=-6.24523E-03,B1=-7.37614e-03,B2=-1.0341E-02,B3=-8.17083e-03,C0=-4.88682e-07,D0=24.4543,D1=-67.4509,D2=-4.8489,D3=-5.44E-04,SCALE_CHLA=0.0073,DARK_CHLA=48,DARK_BACKSCATTERING700=50,SCALE_BACKSCATTERING700=1.523E-06,delta=0.039,lambda=700,theta=142,khi=1.097,R=8.31446,F=96485,,,,,,,,,,,,
4902674,3978,PhaseCoef0=-2.65300E00,PhaseCoef1=1.00000E00,PhaseCoef2=0.00000E00,PhaseCoef3=0.00000E00,ConcCoef0=0.00000E00,ConcCoef1=1.00000E00,c00=2.76177E-03,c01=1.17100E-04,c02=2.39223E-06,c03=2.20336E02,c04=-2.77183E-01,c05=-4.35075E01,c06=4.45543E00,Spreset=0.0,Pcoef1=0.1,Pcoef2=0.00022,Pcoef3=0.0419,B0=-6.24523E-03,B1=-7.37614e-03,B2=-1.0341E-02,B3=-8.17083e-03,C0=-4.88682e-07,D0=24.4543,D1=-67.4509,D2=-4.8489,D3=-5.44E-04,SCALE_CHLA=0.0073,DARK_CHLA=48,DARK_BACKSCATTERING700=50,SCALE_BACKSCATTERING700=1.546E-06,delta=0.039,lambda=700,theta=142,khi=1.097,R=8.31446,F=96485,,,,,,,,,,,,
4902678,3980,PhaseCoef0=-2.21700E00,PhaseCoef1=1.00000E00,PhaseCoef2=0.00000E00,PhaseCoef3=0.00000E00,ConcCoef0=0.00000E00,ConcCoef1=1.00000E00,c00=2.71047E-03,c01=1.15150E-04,c02=2.28450E-06,c03=1.51861E02,c04=-2.12602E-01,c05=-3.35173E01,c06=3.10363E00,Spreset=0.0,Pcoef1=0.1,Pcoef2=0.00022,Pcoef3=0.0419,B0=-6.24523E-03,B1=-7.37614e-03,B2=-1.0341E-02,B3=-8.17083e-03,C0=-4.88682e-07,D0=24.4543,D1=-67.4509,D2=-4.8489,D3=-5.44E-04,SCALE_CHLA=0.0073,DARK_CHLA=50,DARK_BACKSCATTERING700=51,SCALE_BACKSCATTERING700=1.689E-06,delta=0.039,lambda=700,theta=142,khi=1.097,R=8.31446,F=96485,,,,,,,,,,,,
4902690,4203,PhaseCoef0=-1.24200E00,PhaseCoef1=1.00000E00,PhaseCoef2=0.00000E00,PhaseCoef3=0.00000E00,ConcCoef0=0.00000E00,ConcCoef1=1.00000E00,c00=2.73127E-03,c01=1.15156E-04,c02=2.27880E-06,c03=1.50195E02,c04=-2.22238E-01,c05=-3.67714E01,c06=3.04046E00,Spreset=0.0,Pcoef1=0.1,Pcoef2=0.00022,Pcoef3=0.0419,B0=-6.24523E-03,B1=-7.37614e-03,B2=-1.0341E-02,B3=-8.17083e-03,C0=-4.88682e-07,D0=24.4543,D1=-67.4509,D2=-4.8489,D3=-5.44E-04,SCALE_CHLA=0.0073,DARK_CHLA=52,DARK_BACKSCATTERING700=44,SCALE_BACKSCATTERING700=1.655E-06,delta=0.039,lambda=700,theta=142,khi=1.097,R=8.31446,F=96485,a0_380=2147443346.3,a1_380=1.62446930909e-007,lm_380=1.161,a0_412=2147879559.4,a1_412=2.06570904227e-007,lm_412=1.368,a0_490=2147940915.8,a1_490=2.07273931383e-007,lm_490=1.365,a0_par=2147336478.8,a1_par=3.43236658152e-006,lm_par=1.359
4902683,3989,PhaseCoef0=-1.98000E-01,PhaseCoef1=1.00000E00,PhaseCoef2=0.00000E00,PhaseCoef3=0.00000E00,ConcCoef0=0.00000E00,ConcCoef1=1.00000E00,c00=2.77585E-03,c01=1.13524E-04,c02=2.63900E-06,c03=1.72951E02,c04=-2.25854E-01,c05=-4.47027E01,c06=3.52845E00,Spreset=0.0,Pcoef1=0.1,Pcoef2=0.00022,Pcoef3=0.0419,B0=-6.24523E-03,B1=-7.37614e-03,B2=-1.0341E-02,B3=-8.17083e-03,C0=-4.88682e-07,D0=24.4543,D1=-67.4509,D2=-4.8489,D3=-5.44E-04,SCALE_CHLA=0.0073,DARK_CHLA=49,DARK_BACKSCATTERING700=50,SCALE_BACKSCATTERING700=1.647E-06,delta=0.039,lambda=700,theta=142,khi=1.097,R=8.31446,F=96485,,,,,,,,,,,,
4902681,3987,PhaseCoef0=3.20000E-02,PhaseCoef1=1.00000E00,PhaseCoef2=0.00000E00,PhaseCoef3=0.00000E00,ConcCoef0=0.00000E00,ConcCoef1=1.00000E00,c00=2.75287E-03,c01=1.13313E-04,c02=2.55406E-06,c03=1.09767E02,c04=-1.51588E-01,c05=-2.85430E01,c06=2.23696E00,Spreset=0.0,Pcoef1=0.1,Pcoef2=0.00022,Pcoef3=0.0419,B0=-6.24523E-03,B1=-7.37614e-03,B2=-1.0341E-02,B3=-8.17083e-03,C0=-4.88682e-07,D0=24.4543,D1=-67.4509,D2=-4.8489,D3=-5.44E-04,SCALE_CHLA=0.0073,DARK_CHLA=49,DARK_BACKSCATTERING700=50,SCALE_BACKSCATTERING700=1.533E-06,delta=0.039,lambda=700,theta=142,khi=1.097,R=8.31446,F=96485,,,,,,,,,,,,
4902691,4204,PhaseCoef0=-2.09100E00,PhaseCoef1=1.00000E00,PhaseCoef2=0.00000E00,PhaseCoef3=0.00000E00,ConcCoef0=0.00000E00,ConcCoef1=1.00000E00,c00=2.72654E-03,c01=1.15445E-04,c02=2.21255E-06,c03=1.68249E02,c04=-2.55435E-01,c05=-3.54909E01,c06=3.39530E00,Spreset=0.0,Pcoef1=0.1,Pcoef2=0.00022,Pcoef3=0.0419,B0=-6.24523E-03,B1=-7.37614e-03,B2=-1.0341E-02,B3=-8.17083e-03,C0=-4.88682e-07,D0=24.4543,D1=-67.4509,D2=-4.8489,D3=-5.44E-04,SCALE_CHLA=0.0072,DARK_CHLA=46,DARK_BACKSCATTERING700=42,SCALE_BACKSCATTERING700=1.723E-06,delta=0.039,lambda=700,theta=142,khi=1.097,R=8.31446,F=96485,a0_380=2147277585.7,a1_380=1.58772317519e-007,lm_380=1.161,a0_412=2147736427.8,a1_412=2.04998493784e-007,lm_412=1.368,a0_490=2147162220.7,a1_490=2.02295433335e-007,lm_490=1.365,a0_par=2147474964.0,a1_par=3.43497056718e-006,lm_par=1.359
4902629,3861,PhaseCoef0=-7.59000E-01,PhaseCoef1=1.00000E00,PhaseCoef2=0.00000E00,PhaseCoef3=0.00000E00,ConcCoef0=0.00000E00,ConcCoef1=1.00000E00,c00=2.70560E-03,c01=1.15359E-04,c02=2.37754E-06,c03=2.06923E02,c04=-2.27935E-01,c05=-5.06904E01,c06=4.19271E00,Spreset=0.0,Pcoef1=0.1,Pcoef2=0.00022,Pcoef3=0.0419,B0=-6.24523E-03,B1=-7.37614e-03,B2=-1.0341E-02,B3=-8.17083e-03,C0=-4.88682e-07,D0=24.4543,D1=-67.4509,D2=-4.8489,D3=-5.44E-04,SCALE_CHLA=0.0073,DARK_CHLA=47,DARK_BACKSCATTERING700=47,SCALE_BACKSCATTERING700=1.839E-06,delta=0.039,lambda=700,theta=142,khi=1.097,R=8.31446,F=96485,k0=-1.3456,k2=-0.0008674,f1=3.2801e-06,f2=-3.1544e-09,f3=3.0139e-12,f4=-1.6876e-15,f5=5.0758e-19,f6=-6.3622e-23,,,,
4902645,4004,PhaseCoef0=-8.70000E-02,PhaseCoef1=1.00000E00,PhaseCoef2=0.00000E00,PhaseCoef3=0.00000E00,ConcCoef0=0.00000E00,ConcCoef1=1.00000E00,c00=2.77268E-03,c01=1.12349E-04,c02=2.67690E-06,c03=1.41373E02,c04=-1.98016E-01,c05=-3.70199E01,c06=2.89633E00,Spreset=0.0,Pcoef1=0.1,Pcoef2=0.00022,Pcoef3=0.0419,B0=-6.24523E-03,B1=-7.37614e-03,B2=-1.0341E-02,B3=-8.17083e-03,C0=-4.88682e-07,D0=24.4543,D1=-67.4509,D2=-4.8489,D3=-5.44E-04,,,,,,,,,,,,,,,,,,,,,,
4902646,3973,PhaseCoef0=-2.04600E00,PhaseCoef1=1.00000E00,PhaseCoef2=0.00000E00,PhaseCoef3=0.00000E00,ConcCoef0=0.00000E00,ConcCoef1=1.00000E00,c00=2.74317E-03,c01=1.16635E-04,c02=2.34563E-06,c03=1.97143E02,c04=-2.46691E-01,c05=-4.16322E01,c06=4.00279E00,Spreset=0.0,Pcoef1=0.1,Pcoef2=0.00022,Pcoef3=0.0419,B0=-6.24523E-03,B1=-7.37614e-03,B2=-1.0341E-02,B3=-8.17083e-03,C0=-4.88682e-07,D0=24.4543,D1=-67.4509,D2=-4.8489,D3=-5.44E-04,,,,,,,,,,,,,,,,,,,,,,
4902647,3181,PhaseCoef0=-1.93000E-01,PhaseCoef1=1.00000E00,PhaseCoef2=0.00000E00,PhaseCoef3=0.00000E00,ConcCoef0=0.00000E00,ConcCoef1=1.00000E00,c00=2.69632E-03,c01=1.10341E-04,c02=2.45139E-06,c03=1.65420E02,c04=-2.53976E-01,c05=-4.16154E01,c06=3.33151E00,Spreset=0.0,Pcoef1=0.1,Pcoef2=0.00022,Pcoef3=0.0419,B0=-6.24523E-03,B1=-7.37614e-03,B2=-1.0341E-02,B3=-8.17083e-03,C0=-4.88682e-07,D0=24.4543,D1=-67.4509,D2=-4.8489,D3=-5.44E-04,,,,,,,,,,,,,,,,,,,,,,
4902719,4586,PhaseCoef0=-1.11900E00,PhaseCoef1=1.00000E00,PhaseCoef2=0.00000E00,PhaseCoef3=0.00000E00,ConcCoef0=0.00000E00,ConcCoef1=1.00000E00,c00=2.74202E-03,c01=1.20887E-04,c02=2.53496E-06,c03=1.73127E02,c04=-1.69020E-01,c05=-3.89334E01,c06=3.47873E00,Spreset=0.0,Pcoef1=0.1,Pcoef2=0.00022,Pcoef3=0.0419,B0=-6.24523E-03,B1=-7.37614e-03,B2=-1.0341E-02,B3=-8.17083e-03,C0=-4.88682e-07,D0=24.4543,D1=-67.4509,D2=-4.8489,D3=-5.44E-04,R=8.31446,F=96485,a0_380=2145434107.8,a1_380=1.66460141831e-007,lm_380=1.161,a0_412=2147520985.5,a1_412=2.01031611256e-007,lm_412=1.410,a0_490=2147827689.0,a1_490=1.98654271201e-007,lm_490=1.365,a0_par=2147902030.8,a1_par=1.99084167728e-007	,lm_par=1.372,k0 = -1.4355400000135297,k2=-9.576813e-04,f0=-1.434328e+00,f1=1.629104e-05,f2=-2.985089e-08,f3=3.396251e-11,f4=-2.175816e-14,f5=7.311136e-18,f6=-9.956741e-22
4902722,4590,PhaseCoef0=-7.20000E-01,PhaseCoef1=1.00000E00,PhaseCoef2=0.00000E00,PhaseCoef3=0.00000E00,ConcCoef0=0.00000E00,ConcCoef1=1.00000E00,c00=2.74197E-03,c01=1.12666E-04,c02=2.92603E-06,c03=2.17487E02,c04=-1.82811E-01,c05=-5.41121E01,c06=4.40827E00,Spreset=0.0,Pcoef1=0.1,Pcoef2=0.00022,Pcoef3=0.0419,B0=-6.24523E-03,B1=-7.37614e-03,B2=-1.0341E-02,B3=-8.17083e-03,C0=-4.88682e-07,D0=24.4543,D1=-67.4509,D2=-4.8489,D3=-5.44E-04,R=8.31446,F=96485,a0_380=2147600595.1,a1_380=1.59908491039e-007,lm_380=1.161,a0_412=2147683942.9,a1_412=2.02179944694e-007,lm_412=1.410,a0_490=2147392122.1,a1_490=2.00580644258e-007,lm_490=1.365,a0_par=2147995067.1,a1_par=2.17655822172e-007,lm_par=1.372,k0 = -1.532611000005544,k2=-0.0009134916,f0=-1.530321,f1=1.800659e-05,f2=-4.177125e-08,f3=6.02768e-11,f4=-4.665562e-14,f5=1.79411e-17,f6=-2.685259e-21
4902725,4639,PhaseCoef0=-1.33800E00,PhaseCoef1=1.00000E00,PhaseCoef2=0.00000E00,PhaseCoef3=0.00000E00,ConcCoef0=0.00000E00,ConcCoef1=1.00000E00,c00=2.72222E-03,c01=1.12425E-04,c02=2.72556E-06,c03=1.52848E02,c04=-1.19963E-01,c05=-3.55565E01,c06=3.11506E00,Spreset=0.0,Pcoef1=0.1,Pcoef2=0.00022,Pcoef3=0.0419,B0=-6.24523E-03,B1=-7.37614e-03,B2=-1.0341E-02,B3=-8.17083e-03,C0=-4.88682e-07,D0=24.4543,D1=-67.4509,D2=-4.8489,D3=-5.44E-04,R=8.31446,F=96485,a0_380=2148048877.7,a1_380=1.52612323332e-007,lm_380=1.161,a0_412=2148046658.4,a1_412=2.15994422553e-007,lm_412=1.410,a0_490=2148888395.2,a1_490=2.13040070699e-007,lm_490=1.365,a0_par=2147466658.5,a1_par=2.15028215893e-007,lm_par=1.372,k0= -1.4100670000156252,k2=-0.0009037046,f0 =-1.40854,f1=2.173698e-05,f2=-4.513499e-08,f3=5.454905e-11,f4=-3.659282e-14,f5=1.269805e-17,f6=-1.767583e-21
4902726,4594,PhaseCoef0=-7.83000E-01,PhaseCoef1=1.00000E00,PhaseCoef2=0.00000E00,PhaseCoef3=0.00000E00,ConcCoef0=0.00000E00,ConcCoef1=1.00000E00,c00=2.76270E-03,c01=1.13196E-04,c02=2.92677E-06,c03=3.00437E02,c04=-2.54589E-01,c05=-7.39485E01,c06=6.05397E00,Spreset=0.0,Pcoef1=0.1,Pcoef2=0.00022,Pcoef3=0.0419,B0=-6.24523E-03,B1=-7.37614e-03,B2=-1.0341E-02,B3=-8.17083e-03,C0=-4.88682e-07,D0=24.4543,D1=-67.4509,D2=-4.8489,D3=-5.44E-04,R=8.31446,F=96485,a0_380=2150317857.4,a1_380=1.51988092266e-007,lm_380=1.161,a0_412=2148234334.0,a1_412=1.98198712666e-007,lm_412=1.410,a0_490=2148576501.7,a1_490=1.98687215378e-007,lm_490=1.365,a0_par=2148027695.7,a1_par=2.18563225988e-007,lm_par=1.372,k0 = -1.441772000013017,k2=-0.0009502261,f0=-1.44154,f1=9.306358e-06,f2=-1.212113e-08,f3=1.207018e-11,f4=-6.956148e-15,f5=2.068261e-18,f6=-2.419373e-22
4902727,4591,PhaseCoef0=-8.02000E-01,PhaseCoef1=1.00000E00,PhaseCoef2=0.00000E00,PhaseCoef3=0.00000E00,ConcCoef0=0.00000E00,ConcCoef1=1.00000E00,c00=2.73815E-03,c01=1.12297E-04,c02=2.78158E-06,c03=2.97647E02,c04=-2.76603E-01,c05=-6.74119E01,c06=6.00277E00,Spreset=0.0,Pcoef1=0.1,Pcoef2=0.00022,Pcoef3=0.0419,B0=-6.24523E-03,B1=-7.37614e-03,B2=-1.0341E-02,B3=-8.17083e-03,C0=-4.88682e-07,D0=24.4543,D1=-67.4509,D2=-4.8489,D3=-5.44E-04,R=8.31446,F=96485,a0_380=2148002373.0,a1_380=1.6648734702e-007,lm_380=1.161,a0_412=2147094368.3,a1_412=2.05266654866e-007,lm_412=1.410,a0_490=2147650044.0,a1_490=1.96956432895e-007,lm_490=1.365,a0_par=2147128052.1,a1_par=1.94489846079e-007,lm_par=1.372,k0= -1.4093950000156805,k2=-0.0009342516,f0 =-1.407834,f1=1.631419e-05,f2=-2.855521e-08,f3=3.244794e-11,f4=-2.197773e-14,f5=7.939164e-18,f6=-1.1544e-21
4902729,4644,PhaseCoef0=-1.75100E00,PhaseCoef1=1.00000E00,PhaseCoef2=0.00000E00,PhaseCoef3=0.00000E00,ConcCoef0=0.00000E00,ConcCoef1=1.00000E00,c00=2.72267E-03,c01=1.12614E-04,c02=2.70844E-06,c03=3.76596E02,c04=-3.15068E-01,c05=-8.58978E01,c06=7.66188E00,Spreset=0.0,Pcoef1=0.1,Pcoef2=0.00022,Pcoef3=0.0419,B0=-6.24523E-03,B1=-7.37614e-03,B2=-1.0341E-02,B3=-8.17083e-03,C0=-4.88682e-07,D0=24.4543,D1=-67.4509,D2=-4.8489,D3=-5.44E-04,R=8.31446,F=96485,a0_380=2146929734.9,a1_380=1.61839828574e-007,lm_380=1.161,a0_412=2148275392.9,a1_412=1.92400949549e-007,lm_412=1.410,a0_490=2148225192.5,a1_490=1.99352523478e-007,lm_490=1.365,a0_par=2147399837.5,a1_par=2.00743668493e-007,lm_par=1.372,k0 = -1.4736420000103951,k2=-0.0009473874,f0=-1.474146,f1=1.550721e-05,f2=-1.988508e-08,f3=1.475653e-11,f4=-5.407439e-15,f5=7.216517e-19,f6=2.626615e-23
4902730,4587,PhaseCoef0=-8.02000E-01,PhaseCoef1=1.00000E00,PhaseCoef2=0.00000E00,PhaseCoef3=0.00000E00,ConcCoef0=0.00000E00,ConcCoef1=1.00000E00,c00=2.73815E-03,c01=1.12297E-04,c02=2.78158E-06,c03=2.97647E02,c04=-2.76603E-01,c05=-6.74119E01,c06=6.00277E00,Spreset=0.0,Pcoef1=0.1,Pcoef2=0.00022,Pcoef3=0.0419,B0=-6.24523E-03,B1=-7.37614e-03,B2=-1.0341E-02,B3=-8.17083e-03,C0=-4.88682e-07,D0=24.4543,D1=-67.4509,D2=-4.8489,D3=-5.44E-04,R=8.31446,F=96485,a0_380=2147372967.4,a1_380=1.59152873978e-007,lm_380=1.161,a0_412=2147216035.2,a1_412=2.0537065513e-007,lm_412=1.410,a0_490=2148437610.4,a1_490=2.04433970157e-007,lm_490=1.365,a0_par=2147205264.4,a1_par=2.02206561482e-007,lm_par=1.372,k0= -1.4321720000138067,k2=-0.00100346,f0 =-1.43067,f1=1.139489e-05,f2=-1.503063e-08,f3=1.193663e-11,f4=-4.714727e-15,f5=7.545032e-19,f6=-1.201696e-23
4902731,4643,PhaseCoef0=-1.42300E00,PhaseCoef1=1.00000E00,PhaseCoef2=0.00000E00,PhaseCoef3=0.00000E00,ConcCoef0=0.00000E00,ConcCoef1=1.00000E00,c00=2.71968E-03,c01=1.09864E-04,c02=2.94458E-06,c03=2.43039E02,c04=-1.82196E-01,c05=-5.58548E01,c06=4.94202E00,Spreset=0.0,Pcoef1=0.1,Pcoef2=0.00022,Pcoef3=0.0419,B0=-6.24523E-03,B1=-7.37614e-03,B2=-1.0341E-02,B3=-8.17083e-03,C0=-4.88682e-07,D0=24.4543,D1=-67.4509,D2=-4.8489,D3=-5.44E-04,R=8.31446,F=96485,a0_380=2146650952.4,a1_380=1.47584040625e-007,lm_380=1.161,a0_412=2147580560.0,a1_412=2.07902183022e-007,lm_412=1.410,a0_490=2147770403.9,a1_490=2.05098332706e-007,lm_490=1.365,a0_par=2147630150.4,a1_par=2.06734810629e-007,lm_par=1.372,k0 = -1.4186580000149185,k2=-0.0009871486,f0=-1.415464,f1=1.768629e-05,f2=-2.978419e-08,f3=2.896726e-11,f4=-1.581242e-14,f5=4.605546e-18,f6=-5.603613e-22
4902732,4593,PhaseCoef0=-8.40000E-01,PhaseCoef1=1.00000E00,PhaseCoef2=0.00000E00,PhaseCoef3=0.00000E00,ConcCoef0=0.00000E00,ConcCoef1=1.00000E00,c00=2.77994E-03,c01=1.14070E-04,c02=2.86008E-06,c03=2.00555E02,c04=-1.54154E-01,c05=-4.41375E01,c06=4.02578E00,Spreset=0.0,Pcoef1=0.1,Pcoef2=0.00022,Pcoef3=0.0419,B0=-6.24523E-03,B1=-7.37614e-03,B2=-1.0341E-02,B3=-8.17083e-03,C0=-4.88682e-07,D0=24.4543,D1=-67.4509,D2=-4.8489,D3=-5.44E-04,R=8.31446,F=96485,a0_380=2146877579.2,a1_380=1.59980312443e-007,lm_380=1.161,a0_412=2147847251.8,a1_412=2.07324647342e-007,lm_412=1.410,a0_490=2148213771.6,a1_490=2.08793793925e-007,lm_490=1.365,a0_par=2147645712.7,a1_par=2.09413428887e-007,lm_par=1.372,k0= -1.544863000004536,k2=-0.0008721758,f0 =6.07035e-06,f1=1.139489e-05,f2=-4.24347e-09,f3=1.955472e-12,f4=-5.651954e-16,f5=1.602172e-19,f6=-2.837912e-23
4902733,4638,PhaseCoef0=-1.41400E00,PhaseCoef1=1.00000E00,PhaseCoef2=0.00000E00,PhaseCoef3=0.00000E00,ConcCoef0=0.00000E00,ConcCoef1=1.00000E00,c00=2.73085E-03,c01=1.13367E-04,c02=2.71855E-06,c03=9.32894E00,c04=-7.54325E-03,c05=-2.18909E00,c06=1.89659E-01,Spreset=0.0,Pcoef1=0.1,Pcoef2=0.00022,Pcoef3=0.0419,B0=-6.24523E-03,B1=-7.37614e-03,B2=-1.0341E-02,B3=-8.17083e-03,C0=-4.88682e-07,D0=24.4543,D1=-67.4509,D2=-4.8489,D3=-5.44E-04,R=8.31446,F=96485,a0_380=2148226274.1,a1_380=1.4209524836e-007,lm_380=1.161,a0_412=2147313562.2,a1_412=2.04736397509e-007,lm_412=1.410,a0_490=2147816596.2,a1_490=2.05236799899e-007,lm_490=1.365,a0_par=2147055593.4,a1_par=2.07414655562e-007,lm_par=1.372,k0= -1.4424140000129642,k2=-0.0009869068,f0 =-1.439468,f1=2.266035e-05,f2=-4.077902e-08,f3=4.241618e-11,f4=-2.523991e-14,f5=7.986771e-18,f6=-1.024826e-21
4902734,4645,PhaseCoef0=0.00000E00,PhaseCoef1=1.00000E00,PhaseCoef2=0.00000E00,PhaseCoef3=0.00000E00,ConcCoef0=0.00000E00,ConcCoef1=1.00000E00,c00=2.71926E-03,c01=1.10385E-04,c02=2.94213E-06,c03=2.05319E02,c04=-1.68921E-01,c05=-5.40769E01,c06=4.13599E00,Spreset=0.0,Pcoef1=0.1,Pcoef2=0.00022,Pcoef3=0.0419,B0=-6.24523E-03,B1=-7.37614e-03,B2=-1.0341E-02,B3=-8.17083e-03,C0=-4.88682e-07,D0=24.4543,D1=-67.4509,D2=-4.8489,D3=-5.44E-04,R=8.31446,F=96485,a0_380=2147273164.7,a1_380=1.54143596907e-007,lm_380=1.161,a0_412=2146326142.2,a1_412=2.07101498924e-007,lm_412=1.410,a0_490=2147988134.3,a1_490=2.0303930113e-007,lm_490=1.365,a0_par=2147595799.9,a1_par=2.05130029188e-007,lm_par=1.372,k0= -1.4185560000149269,k2=-0.0009379979,f0 =-1.417175,f1=1.849764e-05,f2=-3.769593e-08,f3=4.742621e-11,f4=-3.305384e-14,f5=1.181494e-17,f6=-1.68067e-21
4902735,4636,PhaseCoef0=-2.02000E-01,PhaseCoef1=1.00000E00,PhaseCoef2=0.00000E00,PhaseCoef3=0.00000E00,ConcCoef0=0.00000E00,ConcCoef1=1.00000E00,c00=2.71858E-03,c01=1.12703E-04,c02=2.69030E-06,c03=2.28795E02,c04=-1.91650E-01,c05=-5.90085E01,c06=4.65055E00,Spreset=0.0,Pcoef1=0.1,Pcoef2=0.00022,Pcoef3=0.0419,B0=-6.24523E-03,B1=-7.37614e-03,B2=-1.0341E-02,B3=-8.17083e-03,C0=-4.88682e-07,D0=24.4543,D1=-67.4509,D2=-4.8489,D3=-5.44E-04,R=8.31446,F=96485,a0_380=2148300587.1,a1_380=1.59473693484e-007,lm_380=1.161,a0_412=2145943579.4,a1_412=2.02460655114e-007,lm_412=1.410,a0_490=2147226351.1,a1_490=2.09005653802e-007,lm_490=1.365,a0_par=2146902976.2,a1_par=2.04272329465e-007,lm_par=1.372,k0= -1.4182830000149493,k2=-0.0009400873,f0 =-1.417335,f1=1.261791e-05,f2=-2.107716e-08,f3=2.17373e-11,f4=-1.266141e-14,f5=3.894959e-18,f6=-4.930562e-22
4902736,4637,PhaseCoef0=-7.98000E-01,PhaseCoef1=1.00000E00,PhaseCoef2=0.00000E00,PhaseCoef3=0.00000E00,ConcCoef0=0.00000E00,ConcCoef1=1.00000E00,c00=2.72735E-03,c01=1.12608E-04,c02=2.68745E-06,c03=4.88938E02,c04=-3.63021E-01,c05=-1.11263E02,c06=9.95160E00,Spreset=0.0,Pcoef1=0.1,Pcoef2=0.00022,Pcoef3=0.0419,B0=-6.24523E-03,B1=-7.37614e-03,B2=-1.0341E-02,B3=-8.17083e-03,C0=-4.88682e-07,D0=24.4543,D1=-67.4509,D2=-4.8489,D3=-5.44E-04,R=8.31446,F=96485,a0_380=2147417716.4,a1_380=1.66332592181e-007,lm_380=1.161,a0_412=2146465686.9,a1_412=2.1086611219e-007,lm_412=1.410,a0_490=2148462548.2,a1_490=2.05041411636e-007,lm_490=1.365,a0_par=2147975453.4,a1_par=2.05896162589e-007,lm_par=1.372,k0= -1.405620000015991,k2=-0.001008603,f0 =-1.403362,f1=1.577003e-05,f2=-1.742972e-08,f3=7.075832e-12,f4=2.142598e-15,f5=-2.407797e-18,f6=4.98618e-22